eventID,facilityID,unitID,emitterID,mcRun,timestamp,command,state,event,duration,nextTS,gcKey,flowID,tsKey
0,,,,3,0,SIM-START,,,,,,,
1,test_fac,Well_1,,3,0,STATE_TRANSITION,RigPreparation,START,37800,37800,,,
2,test_fac,Well_2,,3,0,STATE_TRANSITION,RigPreparation,START,77399,77399,,,
3,test_fac,Well_3,,3,0,STATE_TRANSITION,RigPreparation,START,592200,592200,,,
4,test_fac,Well_4,,3,0,STATE_TRANSITION,RigPreparation,START,78300,78300,,,
5,test_fac,Well_5,,3,0,STATE_TRANSITION,RigPreparation,START,37800,37800,,,
6,test_fac,Well_6,,3,0,STATE_TRANSITION,RigPreparation,START,37800,37800,,,
7,test_fac,Well_7,,3,0,STATE_TRANSITION,RigPreparation,START,62100,62100,,,
8,test_fac,Well_8,,3,0,STATE_TRANSITION,RigPreparation,START,59400,59400,,,
9,test_fac,Well_9,,3,0,STATE_TRANSITION,RigPreparation,START,59400,59400,,,
10,test_fac,Well_10,,3,0,STATE_TRANSITION,RigPreparation,START,37800,37800,,,
11,test_fac,Well_11,,3,0,STATE_TRANSITION,RigPreparation,START,47699,47699,,,
12,test_fac,Well_12,,3,0,STATE_TRANSITION,RigPreparation,START,118800,118800,,,
13,test_fac,Well_13,,3,0,STATE_TRANSITION,RigPreparation,START,118800,118800,,,
14,test_fac,Well_14,,3,0,STATE_TRANSITION,RigPreparation,START,62100,62100,,,
15,test_fac,Well_1,,3,37800,STATE_TRANSITION,RigPreparation,STOP,0,37800,,,
16,test_fac,Well_1,,3,37800,STATE_TRANSITION,VerticalDrilling,START,461700,499500,,,
17,test_fac,Well_5,,3,37800,STATE_TRANSITION,RigPreparation,STOP,0,37800,,,
18,test_fac,Well_5,,3,37800,STATE_TRANSITION,VerticalDrilling,START,108000,145800,,,
19,test_fac,Well_6,,3,37800,STATE_TRANSITION,RigPreparation,STOP,0,37800,,,
20,test_fac,Well_6,,3,37800,STATE_TRANSITION,VerticalDrilling,START,134099,171899,,,
21,test_fac,Well_10,,3,37800,STATE_TRANSITION,RigPreparation,STOP,0,37800,,,
22,test_fac,Well_10,,3,37800,STATE_TRANSITION,VerticalDrilling,START,71100,108900,,,
23,test_fac,Well_11,,3,47699,STATE_TRANSITION,RigPreparation,STOP,0,47699,,,
24,test_fac,Well_11,,3,47699,STATE_TRANSITION,VerticalDrilling,START,77399,125098,,,
25,test_fac,Well_8,,3,59400,STATE_TRANSITION,RigPreparation,STOP,0,59400,,,
26,test_fac,Well_8,,3,59400,STATE_TRANSITION,VerticalDrilling,START,134099,193499,,,
27,test_fac,Well_9,,3,59400,STATE_TRANSITION,RigPreparation,STOP,0,59400,,,
28,test_fac,Well_9,,3,59400,STATE_TRANSITION,VerticalDrilling,START,21600,81000,,,
29,test_fac,Well_7,,3,62100,STATE_TRANSITION,RigPreparation,STOP,0,62100,,,
30,test_fac,Well_7,,3,62100,STATE_TRANSITION,VerticalDrilling,START,44100,106200,,,
31,test_fac,Well_14,,3,62100,STATE_TRANSITION,RigPreparation,STOP,0,62100,,,
32,test_fac,Well_14,,3,62100,STATE_TRANSITION,VerticalDrilling,START,77399,139499,,,
33,test_fac,Well_2,,3,77399,STATE_TRANSITION,RigPreparation,STOP,0,77399,,,
34,test_fac,Well_2,,3,77399,STATE_TRANSITION,VerticalDrilling,START,21600,98999,,,
35,test_fac,Well_4,,3,78300,STATE_TRANSITION,RigPreparation,STOP,0,78300,,,
36,test_fac,Well_4,,3,78300,STATE_TRANSITION,VerticalDrilling,START,44100,122400,,,
37,test_fac,Well_9,,3,81000,STATE_TRANSITION,VerticalDrilling,STOP,0,81000,,,
38,test_fac,Well_9,,3,81000,STATE_TRANSITION,HorizontalDrilling,START,165600,246600,,,
39,test_fac,Well_2,,3,98999,STATE_TRANSITION,VerticalDrilling,STOP,0,98999,,,
40,test_fac,Well_2,,3,98999,STATE_TRANSITION,HorizontalDrilling,START,302400,401399,,,
41,test_fac,Well_7,,3,106200,STATE_TRANSITION,VerticalDrilling,STOP,0,106200,,,
42,test_fac,Well_7,,3,106200,STATE_TRANSITION,HorizontalDrilling,START,146700,252900,,,
43,test_fac,Well_10,,3,108900,STATE_TRANSITION,VerticalDrilling,STOP,0,108900,,,
44,test_fac,Well_10,,3,108900,STATE_TRANSITION,HorizontalDrilling,START,65700,174600,,,
45,test_fac,Well_12,,3,118800,STATE_TRANSITION,RigPreparation,STOP,0,118800,,,
46,test_fac,Well_12,,3,118800,STATE_TRANSITION,VerticalDrilling,START,64800,183600,,,
47,test_fac,Well_13,,3,118800,STATE_TRANSITION,RigPreparation,STOP,0,118800,,,
48,test_fac,Well_13,,3,118800,STATE_TRANSITION,VerticalDrilling,START,64800,183600,,,
49,test_fac,Well_4,,3,122400,STATE_TRANSITION,VerticalDrilling,STOP,0,122400,,,
50,test_fac,Well_4,,3,122400,STATE_TRANSITION,HorizontalDrilling,START,143100,265500,,,
51,test_fac,Well_11,,3,125098,STATE_TRANSITION,VerticalDrilling,STOP,0,125098,,,
52,test_fac,Well_11,,3,125098,STATE_TRANSITION,HorizontalDrilling,START,302400,427498,,,
53,test_fac,Well_14,,3,139499,STATE_TRANSITION,VerticalDrilling,STOP,0,139499,,,
54,test_fac,Well_14,,3,139499,STATE_TRANSITION,HorizontalDrilling,START,147599,287098,,,
55,test_fac,Well_5,,3,145800,STATE_TRANSITION,VerticalDrilling,STOP,0,145800,,,
56,test_fac,Well_5,,3,145800,STATE_TRANSITION,HorizontalDrilling,START,130500,276300,,,
57,test_fac,Well_6,,3,171899,STATE_TRANSITION,VerticalDrilling,STOP,0,171899,,,
58,test_fac,Well_6,,3,171899,STATE_TRANSITION,HorizontalDrilling,START,65700,237599,,,
59,test_fac,Well_10,,3,174600,STATE_TRANSITION,HorizontalDrilling,STOP,0,174600,,,
60,test_fac,Well_10,,3,174600,STATE_TRANSITION,TripOut,START,36899,211499,,,
61,test_fac,Well_12,,3,183600,STATE_TRANSITION,VerticalDrilling,STOP,0,183600,,,
62,test_fac,Well_12,,3,183600,STATE_TRANSITION,HorizontalDrilling,START,147599,331199,,,
63,test_fac,Well_13,,3,183600,STATE_TRANSITION,VerticalDrilling,STOP,0,183600,,,
64,test_fac,Well_13,,3,183600,STATE_TRANSITION,HorizontalDrilling,START,65700,249300,,,
65,test_fac,Well_8,,3,193499,STATE_TRANSITION,VerticalDrilling,STOP,0,193499,,,
66,test_fac,Well_8,,3,193499,STATE_TRANSITION,HorizontalDrilling,START,302400,495899,,,
67,test_fac,Well_10,,3,211499,STATE_TRANSITION,TripOut,STOP,0,211499,,,
68,test_fac,Well_10,,3,211499,STATE_TRANSITION,Casing,START,68400,279899,,,
69,test_fac,Well_6,,3,237599,STATE_TRANSITION,HorizontalDrilling,STOP,0,237599,,,
70,test_fac,Well_6,,3,237599,STATE_TRANSITION,TripOut,START,27900,265499,,,
71,test_fac,Well_9,,3,246600,STATE_TRANSITION,HorizontalDrilling,STOP,0,246600,,,
72,test_fac,Well_9,,3,246600,STATE_TRANSITION,TripOut,START,36899,283499,,,
73,test_fac,Well_13,,3,249300,STATE_TRANSITION,HorizontalDrilling,STOP,0,249300,,,
74,test_fac,Well_13,,3,249300,STATE_TRANSITION,TripOut,START,35100,284400,,,
75,test_fac,Well_7,,3,252900,STATE_TRANSITION,HorizontalDrilling,STOP,0,252900,,,
76,test_fac,Well_7,,3,252900,STATE_TRANSITION,TripOut,START,37800,290700,,,
77,test_fac,Well_6,,3,265499,STATE_TRANSITION,TripOut,STOP,0,265499,,,
78,test_fac,Well_6,,3,265499,STATE_TRANSITION,Casing,START,69299,334798,,,
79,test_fac,Well_4,,3,265500,STATE_TRANSITION,HorizontalDrilling,STOP,0,265500,,,
80,test_fac,Well_4,,3,265500,STATE_TRANSITION,TripOut,START,27900,293400,,,
81,test_fac,Well_5,,3,276300,STATE_TRANSITION,HorizontalDrilling,STOP,0,276300,,,
82,test_fac,Well_5,,3,276300,STATE_TRANSITION,TripOut,START,90000,366300,,,
83,test_fac,Well_10,,3,279899,STATE_TRANSITION,Casing,STOP,0,279899,,,
84,test_fac,Well_10,,3,279899,STATE_TRANSITION,Fracking,START,360000,639899,,,
85,test_fac,Well_9,,3,283499,STATE_TRANSITION,TripOut,STOP,0,283499,,,
86,test_fac,Well_9,,3,283499,STATE_TRANSITION,Casing,START,70200,353699,,,
87,test_fac,Well_13,,3,284400,STATE_TRANSITION,TripOut,STOP,0,284400,,,
88,test_fac,Well_13,,3,284400,STATE_TRANSITION,Casing,START,69299,353699,,,
89,test_fac,Well_14,,3,287098,STATE_TRANSITION,HorizontalDrilling,STOP,0,287098,,,
90,test_fac,Well_14,,3,287098,STATE_TRANSITION,TripOut,START,44999,332097,,,
91,test_fac,Well_7,,3,290700,STATE_TRANSITION,TripOut,STOP,0,290700,,,
92,test_fac,Well_7,,3,290700,STATE_TRANSITION,Casing,START,16200,306900,,,
93,test_fac,Well_4,,3,293400,STATE_TRANSITION,TripOut,STOP,0,293400,,,
94,test_fac,Well_4,,3,293400,STATE_TRANSITION,Casing,START,32400,325800,,,
95,test_fac,Well_7,,3,306900,STATE_TRANSITION,Casing,STOP,0,306900,,,
96,test_fac,Well_7,,3,306900,STATE_TRANSITION,Fracking,START,360000,666900,,,
97,test_fac,Well_4,,3,325800,STATE_TRANSITION,Casing,STOP,0,325800,,,
98,test_fac,Well_4,,3,325800,STATE_TRANSITION,Fracking,START,518400,844200,,,
99,test_fac,Well_12,,3,331199,STATE_TRANSITION,HorizontalDrilling,STOP,0,331199,,,
100,test_fac,Well_12,,3,331199,STATE_TRANSITION,TripOut,START,44999,376198,,,
101,test_fac,Well_14,,3,332097,STATE_TRANSITION,TripOut,STOP,0,332097,,,
102,test_fac,Well_14,,3,332097,STATE_TRANSITION,Casing,START,125999,458096,,,
103,test_fac,Well_6,,3,334798,STATE_TRANSITION,Casing,STOP,0,334798,,,
104,test_fac,Well_6,,3,334798,STATE_TRANSITION,Fracking,START,540000,874798,,,
105,test_fac,Well_9,,3,353699,STATE_TRANSITION,Casing,STOP,0,353699,,,
106,test_fac,Well_9,,3,353699,STATE_TRANSITION,Fracking,START,360000,713699,,,
107,test_fac,Well_13,,3,353699,STATE_TRANSITION,Casing,STOP,0,353699,,,
108,test_fac,Well_13,,3,353699,STATE_TRANSITION,Fracking,START,350400,704099,,,
109,test_fac,Well_5,,3,366300,STATE_TRANSITION,TripOut,STOP,0,366300,,,
110,test_fac,Well_5,,3,366300,STATE_TRANSITION,Casing,START,19800,386100,,,
111,test_fac,Well_12,,3,376198,STATE_TRANSITION,TripOut,STOP,0,376198,,,
112,test_fac,Well_12,,3,376198,STATE_TRANSITION,Casing,START,73800,449998,,,
113,test_fac,Well_5,,3,386100,STATE_TRANSITION,Casing,STOP,0,386100,,,
114,test_fac,Well_5,,3,386100,STATE_TRANSITION,Fracking,START,340200,726300,,,
115,test_fac,Well_2,,3,401399,STATE_TRANSITION,HorizontalDrilling,STOP,0,401399,,,
116,test_fac,Well_2,,3,401399,STATE_TRANSITION,TripOut,START,125100,526499,,,
117,test_fac,Well_11,,3,427498,STATE_TRANSITION,HorizontalDrilling,STOP,0,427498,,,
118,test_fac,Well_11,,3,427498,STATE_TRANSITION,TripOut,START,116100,543598,,,
119,test_fac,Well_12,,3,449998,STATE_TRANSITION,Casing,STOP,0,449998,,,
120,test_fac,Well_12,,3,449998,STATE_TRANSITION,Fracking,START,518400,968398,,,
121,test_fac,Well_14,,3,458096,STATE_TRANSITION,Casing,STOP,0,458096,,,
122,test_fac,Well_14,,3,458096,STATE_TRANSITION,Fracking,START,360000,818096,,,
123,test_fac,Well_8,,3,495899,STATE_TRANSITION,HorizontalDrilling,STOP,0,495899,,,
124,test_fac,Well_8,,3,495899,STATE_TRANSITION,TripOut,START,116100,611999,,,
125,test_fac,Well_1,,3,499500,STATE_TRANSITION,VerticalDrilling,STOP,0,499500,,,
126,test_fac,Well_1,,3,499500,STATE_TRANSITION,HorizontalDrilling,START,143100,642600,,,
127,test_fac,Well_2,,3,526499,STATE_TRANSITION,TripOut,STOP,0,526499,,,
128,test_fac,Well_2,,3,526499,STATE_TRANSITION,Casing,START,19800,546299,,,
129,test_fac,Well_11,,3,543598,STATE_TRANSITION,TripOut,STOP,0,543598,,,
130,test_fac,Well_11,,3,543598,STATE_TRANSITION,Casing,START,69299,612897,,,
131,test_fac,Well_2,,3,546299,STATE_TRANSITION,Casing,STOP,0,546299,,,
132,test_fac,Well_2,,3,546299,STATE_TRANSITION,Fracking,START,360000,906299,,,
133,test_fac,Well_3,,3,592200,STATE_TRANSITION,RigPreparation,STOP,0,592200,,,
134,test_fac,Well_3,,3,592200,STATE_TRANSITION,VerticalDrilling,START,44100,636300,,,
135,test_fac,Well_8,,3,611999,STATE_TRANSITION,TripOut,STOP,0,611999,,,
136,test_fac,Well_8,,3,611999,STATE_TRANSITION,Casing,START,16200,628199,,,
137,test_fac,Well_11,,3,612897,STATE_TRANSITION,Casing,STOP,0,612897,,,
138,test_fac,Well_11,,3,612897,STATE_TRANSITION,Fracking,START,457920,1070817,,,
139,test_fac,Well_8,,3,628199,STATE_TRANSITION,Casing,STOP,0,628199,,,
140,test_fac,Well_8,,3,628199,STATE_TRANSITION,Fracking,START,340200,968399,,,
141,test_fac,Well_3,,3,636300,STATE_TRANSITION,VerticalDrilling,STOP,0,636300,,,
142,test_fac,Well_3,,3,636300,STATE_TRANSITION,HorizontalDrilling,START,270899,907199,,,
143,test_fac,Well_10,,3,639899,STATE_TRANSITION,Fracking,STOP,0,639899,,,
144,test_fac,Well_10,,3,639899,STATE_TRANSITION,MillOut,START,328320,968219,,,
145,test_fac,Well_1,,3,642600,STATE_TRANSITION,HorizontalDrilling,STOP,0,642600,,,
146,test_fac,Well_1,,3,642600,STATE_TRANSITION,TripOut,START,42299,684899,,,
147,test_fac,Well_7,,3,666900,STATE_TRANSITION,Fracking,STOP,0,666900,,,
148,test_fac,Well_7,,3,666900,STATE_TRANSITION,MillOut,START,216000,882900,,,
149,test_fac,Well_1,,3,684899,STATE_TRANSITION,TripOut,STOP,0,684899,,,
150,test_fac,Well_1,,3,684899,STATE_TRANSITION,Casing,START,69299,754198,,,
151,test_fac,Well_13,,3,704099,STATE_TRANSITION,Fracking,STOP,0,704099,,,
152,test_fac,Well_13,,3,704099,STATE_TRANSITION,MillOut,START,172800,876899,,,
153,test_fac,Well_9,,3,713699,STATE_TRANSITION,Fracking,STOP,0,713699,,,
154,test_fac,Well_9,,3,713699,STATE_TRANSITION,MillOut,START,216000,929699,,,
155,test_fac,Well_5,,3,726300,STATE_TRANSITION,Fracking,STOP,0,726300,,,
156,test_fac,Well_5,,3,726300,STATE_TRANSITION,MillOut,START,328320,1054620,,,
157,test_fac,Well_1,,3,754198,STATE_TRANSITION,Casing,STOP,0,754198,,,
158,test_fac,Well_1,,3,754198,STATE_TRANSITION,Fracking,START,282763,1036961,,,
159,test_fac,Well_14,,3,818096,STATE_TRANSITION,Fracking,STOP,0,818096,,,
160,test_fac,Well_14,,3,818096,STATE_TRANSITION,MillOut,START,172800,990896,,,
161,test_fac,Well_4,,3,844200,STATE_TRANSITION,Fracking,STOP,0,844200,,,
162,test_fac,Well_4,,3,844200,STATE_TRANSITION,MillOut,START,216000,1060200,,,
163,test_fac,Well_6,,3,874798,STATE_TRANSITION,Fracking,STOP,0,874798,,,
164,test_fac,Well_6,,3,874798,STATE_TRANSITION,MillOut,START,216000,1090798,,,
165,test_fac,Well_13,,3,876899,STATE_TRANSITION,MillOut,STOP,0,876899,,,
166,test_fac,Well_13,,3,876899,STATE_TRANSITION,Flowback,START,10972800,11849699,,,
167,test_fac,Well_7,,3,882900,STATE_TRANSITION,MillOut,STOP,0,882900,,,
168,test_fac,Well_7,,3,882900,STATE_TRANSITION,Flowback,START,13910400,14793300,,,
169,test_fac,Well_2,,3,906299,STATE_TRANSITION,Fracking,STOP,0,906299,,,
170,test_fac,Well_2,,3,906299,STATE_TRANSITION,MillOut,START,172800,1079099,,,
171,test_fac,Well_3,,3,907199,STATE_TRANSITION,HorizontalDrilling,STOP,0,907199,,,
172,test_fac,Well_3,,3,907199,STATE_TRANSITION,TripOut,START,116100,1023299,,,
173,test_fac,Well_9,,3,929699,STATE_TRANSITION,MillOut,STOP,0,929699,,,
174,test_fac,Well_9,,3,929699,STATE_TRANSITION,Flowback,START,12096000,13025699,,,
175,test_fac,Well_10,,3,968219,STATE_TRANSITION,MillOut,STOP,0,968219,,,
176,test_fac,Well_10,,3,968219,STATE_TRANSITION,Flowback,START,15724800,16693019,,,
177,test_fac,Well_12,,3,968398,STATE_TRANSITION,Fracking,STOP,0,968398,,,
178,test_fac,Well_12,,3,968398,STATE_TRANSITION,MillOut,START,172800,1141198,,,
179,test_fac,Well_8,,3,968399,STATE_TRANSITION,Fracking,STOP,0,968399,,,
180,test_fac,Well_8,,3,968399,STATE_TRANSITION,MillOut,START,243000,1211399,,,
181,test_fac,Well_14,,3,990896,STATE_TRANSITION,MillOut,STOP,0,990896,,,
182,test_fac,Well_14,,3,990896,STATE_TRANSITION,Flowback,START,9676800,10667696,,,
183,test_fac,Well_3,,3,1023299,STATE_TRANSITION,TripOut,STOP,0,1023299,,,
184,test_fac,Well_3,,3,1023299,STATE_TRANSITION,Casing,START,70200,1093499,,,
185,test_fac,Well_1,,3,1036961,STATE_TRANSITION,Fracking,STOP,0,1036961,,,
186,test_fac,Well_1,,3,1036961,STATE_TRANSITION,MillOut,START,328320,1365281,,,
187,test_fac,Well_5,,3,1054620,STATE_TRANSITION,MillOut,STOP,0,1054620,,,
188,test_fac,Well_5,,3,1054620,STATE_TRANSITION,Flowback,START,4320000,5374620,,,
189,test_fac,Well_4,,3,1060200,STATE_TRANSITION,MillOut,STOP,0,1060200,,,
190,test_fac,Well_4,,3,1060200,STATE_TRANSITION,Flowback,START,9676800,10737000,,,
191,test_fac,Well_11,,3,1070817,STATE_TRANSITION,Fracking,STOP,0,1070817,,,
192,test_fac,Well_11,,3,1070817,STATE_TRANSITION,MillOut,START,328320,1399137,,,
193,test_fac,Well_2,,3,1079099,STATE_TRANSITION,MillOut,STOP,0,1079099,,,
194,test_fac,Well_2,,3,1079099,STATE_TRANSITION,Flowback,START,12528000,13607099,,,
195,test_fac,Well_6,,3,1090798,STATE_TRANSITION,MillOut,STOP,0,1090798,,,
196,test_fac,Well_6,,3,1090798,STATE_TRANSITION,Flowback,START,9676800,10767598,,,
197,test_fac,Well_3,,3,1093499,STATE_TRANSITION,Casing,STOP,0,1093499,,,
198,test_fac,Well_3,,3,1093499,STATE_TRANSITION,Fracking,START,457920,1551419,,,
199,test_fac,Well_12,,3,1141198,STATE_TRANSITION,MillOut,STOP,0,1141198,,,
200,test_fac,Well_12,,3,1141198,STATE_TRANSITION,Flowback,START,5443200,6584398,,,
201,test_fac,Well_8,,3,1211399,STATE_TRANSITION,MillOut,STOP,0,1211399,,,
202,test_fac,Well_8,,3,1211399,STATE_TRANSITION,Flowback,START,9676800,10888199,,,
203,test_fac,Well_1,,3,1365281,STATE_TRANSITION,MillOut,STOP,0,1365281,,,
204,test_fac,Well_1,,3,1365281,STATE_TRANSITION,Flowback,START,4320000,5685281,,,
205,test_fac,Well_11,,3,1399137,STATE_TRANSITION,MillOut,STOP,0,1399137,,,
206,test_fac,Well_11,,3,1399137,STATE_TRANSITION,Flowback,START,15724800,17123937,,,
207,test_fac,Well_3,,3,1551419,STATE_TRANSITION,Fracking,STOP,0,1551419,,,
208,test_fac,Well_3,,3,1551419,STATE_TRANSITION,MillOut,START,172800,1724219,,,
209,test_fac,Well_3,,3,1724219,STATE_TRANSITION,MillOut,STOP,0,1724219,,,
210,test_fac,Well_3,,3,1724219,STATE_TRANSITION,Flowback,START,12096000,13820219,,,
211,test_fac,Well_5,,3,5374620,STATE_TRANSITION,Flowback,STOP,0,5374620,,,
212,test_fac,Well_5,,3,5374620,STATE_TRANSITION,Done,START,864000,6238620,,,
213,test_fac,Well_1,,3,5685281,STATE_TRANSITION,Flowback,STOP,0,5685281,,,
214,test_fac,Well_1,,3,5685281,STATE_TRANSITION,Done,START,864000,6549281,,,
215,test_fac,Well_5,,3,6238620,STATE_TRANSITION,Done,STOP,0,6238620,,,
216,test_fac,Well_5,,3,6238620,STATE_TRANSITION,Done,START,864000,7102620,,,
217,test_fac,Well_1,,3,6549281,STATE_TRANSITION,Done,STOP,0,6549281,,,
218,test_fac,Well_1,,3,6549281,STATE_TRANSITION,Done,START,864000,7413281,,,
219,test_fac,Well_12,,3,6584398,STATE_TRANSITION,Flowback,STOP,0,6584398,,,
220,test_fac,Well_12,,3,6584398,STATE_TRANSITION,Done,START,864000,7448398,,,
221,test_fac,Well_5,,3,7102620,STATE_TRANSITION,Done,STOP,0,7102620,,,
222,test_fac,Well_5,,3,7102620,STATE_TRANSITION,Done,START,864000,7966620,,,
223,test_fac,Well_1,,3,7413281,STATE_TRANSITION,Done,STOP,0,7413281,,,
224,test_fac,Well_1,,3,7413281,STATE_TRANSITION,Done,START,864000,8277281,,,
225,test_fac,Well_12,,3,7448398,STATE_TRANSITION,Done,STOP,0,7448398,,,
226,test_fac,Well_12,,3,7448398,STATE_TRANSITION,Done,START,864000,8312398,,,
227,test_fac,Well_5,,3,7966620,STATE_TRANSITION,Done,STOP,0,7966620,,,
228,test_fac,Well_5,,3,7966620,STATE_TRANSITION,Done,START,864000,8830620,,,
229,test_fac,Well_1,,3,8277281,STATE_TRANSITION,Done,STOP,0,8277281,,,
230,test_fac,Well_1,,3,8277281,STATE_TRANSITION,Done,START,864000,9141281,,,
231,test_fac,Well_12,,3,8312398,STATE_TRANSITION,Done,STOP,0,8312398,,,
232,test_fac,Well_12,,3,8312398,STATE_TRANSITION,Done,START,864000,9176398,,,
233,test_fac,Well_5,,3,8830620,STATE_TRANSITION,Done,STOP,0,8830620,,,
234,test_fac,Well_5,,3,8830620,STATE_TRANSITION,Done,START,864000,9694620,,,
235,test_fac,Well_1,,3,9141281,STATE_TRANSITION,Done,STOP,0,9141281,,,
236,test_fac,Well_1,,3,9141281,STATE_TRANSITION,Done,START,864000,10005281,,,
237,test_fac,Well_12,,3,9176398,STATE_TRANSITION,Done,STOP,0,9176398,,,
238,test_fac,Well_12,,3,9176398,STATE_TRANSITION,Done,START,864000,10040398,,,
239,test_fac,Well_5,,3,9694620,STATE_TRANSITION,Done,STOP,0,9694620,,,
240,test_fac,Well_5,,3,9694620,STATE_TRANSITION,Done,START,864000,10558620,,,
241,test_fac,Well_1,,3,10005281,STATE_TRANSITION,Done,STOP,0,10005281,,,
242,test_fac,Well_1,,3,10005281,STATE_TRANSITION,Done,START,864000,10869281,,,
243,test_fac,Well_12,,3,10040398,STATE_TRANSITION,Done,STOP,0,10040398,,,
244,test_fac,Well_12,,3,10040398,STATE_TRANSITION,Done,START,864000,10904398,,,
245,test_fac,Well_5,,3,10558620,STATE_TRANSITION,Done,STOP,0,10558620,,,
246,test_fac,Well_5,,3,10558620,STATE_TRANSITION,Done,START,864000,11422620,,,
247,test_fac,Well_14,,3,10667696,STATE_TRANSITION,Flowback,STOP,0,10667696,,,
248,test_fac,Well_14,,3,10667696,STATE_TRANSITION,Done,START,864000,11531696,,,
249,test_fac,Well_4,,3,10737000,STATE_TRANSITION,Flowback,STOP,0,10737000,,,
250,test_fac,Well_4,,3,10737000,STATE_TRANSITION,Done,START,864000,11601000,,,
251,test_fac,Well_6,,3,10767598,STATE_TRANSITION,Flowback,STOP,0,10767598,,,
252,test_fac,Well_6,,3,10767598,STATE_TRANSITION,Done,START,864000,11631598,,,
253,test_fac,Well_1,,3,10869281,STATE_TRANSITION,Done,STOP,0,10869281,,,
254,test_fac,Well_1,,3,10869281,STATE_TRANSITION,Done,START,864000,11733281,,,
255,test_fac,Well_8,,3,10888199,STATE_TRANSITION,Flowback,STOP,0,10888199,,,
256,test_fac,Well_8,,3,10888199,STATE_TRANSITION,Done,START,864000,11752199,,,
257,test_fac,Well_12,,3,10904398,STATE_TRANSITION,Done,STOP,0,10904398,,,
258,test_fac,Well_12,,3,10904398,STATE_TRANSITION,Done,START,864000,11768398,,,
259,test_fac,Well_5,,3,11422620,STATE_TRANSITION,Done,STOP,0,11422620,,,
260,test_fac,Well_5,,3,11422620,STATE_TRANSITION,Done,START,864000,12286620,,,
261,test_fac,Well_14,,3,11531696,STATE_TRANSITION,Done,STOP,0,11531696,,,
262,test_fac,Well_14,,3,11531696,STATE_TRANSITION,Done,START,864000,12395696,,,
263,test_fac,Well_4,,3,11601000,STATE_TRANSITION,Done,STOP,0,11601000,,,
264,test_fac,Well_4,,3,11601000,STATE_TRANSITION,Done,START,864000,12465000,,,
265,test_fac,Well_6,,3,11631598,STATE_TRANSITION,Done,STOP,0,11631598,,,
266,test_fac,Well_6,,3,11631598,STATE_TRANSITION,Done,START,864000,12495598,,,
267,test_fac,Well_1,,3,11733281,STATE_TRANSITION,Done,STOP,0,11733281,,,
268,test_fac,Well_1,,3,11733281,STATE_TRANSITION,Done,START,864000,12597281,,,
269,test_fac,Well_8,,3,11752199,STATE_TRANSITION,Done,STOP,0,11752199,,,
270,test_fac,Well_8,,3,11752199,STATE_TRANSITION,Done,START,864000,12616199,,,
271,test_fac,Well_12,,3,11768398,STATE_TRANSITION,Done,STOP,0,11768398,,,
272,test_fac,Well_12,,3,11768398,STATE_TRANSITION,Done,START,864000,12632398,,,
273,test_fac,Well_13,,3,11849699,STATE_TRANSITION,Flowback,STOP,0,11849699,,,
274,test_fac,Well_13,,3,11849699,STATE_TRANSITION,Done,START,864000,12713699,,,
275,test_fac,Well_5,,3,12286620,STATE_TRANSITION,Done,STOP,0,12286620,,,
276,test_fac,Well_5,,3,12286620,STATE_TRANSITION,Done,START,864000,13150620,,,
277,test_fac,Well_14,,3,12395696,STATE_TRANSITION,Done,STOP,0,12395696,,,
278,test_fac,Well_14,,3,12395696,STATE_TRANSITION,Done,START,864000,13259696,,,
279,test_fac,Well_4,,3,12465000,STATE_TRANSITION,Done,STOP,0,12465000,,,
280,test_fac,Well_4,,3,12465000,STATE_TRANSITION,Done,START,864000,13329000,,,
281,test_fac,Well_6,,3,12495598,STATE_TRANSITION,Done,STOP,0,12495598,,,
282,test_fac,Well_6,,3,12495598,STATE_TRANSITION,Done,START,864000,13359598,,,
283,test_fac,Well_1,,3,12597281,STATE_TRANSITION,Done,STOP,0,12597281,,,
284,test_fac,Well_1,,3,12597281,STATE_TRANSITION,Done,START,864000,13461281,,,
285,test_fac,Well_8,,3,12616199,STATE_TRANSITION,Done,STOP,0,12616199,,,
286,test_fac,Well_8,,3,12616199,STATE_TRANSITION,Done,START,864000,13480199,,,
287,test_fac,Well_12,,3,12632398,STATE_TRANSITION,Done,STOP,0,12632398,,,
288,test_fac,Well_12,,3,12632398,STATE_TRANSITION,Done,START,864000,13496398,,,
289,test_fac,Well_13,,3,12713699,STATE_TRANSITION,Done,STOP,0,12713699,,,
290,test_fac,Well_13,,3,12713699,STATE_TRANSITION,Done,START,864000,13577699,,,
291,test_fac,Well_9,,3,13025699,STATE_TRANSITION,Flowback,STOP,0,13025699,,,
292,test_fac,Well_9,,3,13025699,STATE_TRANSITION,Done,START,864000,13889699,,,
293,test_fac,Well_5,,3,13150620,STATE_TRANSITION,Done,STOP,0,13150620,,,
294,test_fac,Well_5,,3,13150620,STATE_TRANSITION,Done,START,864000,14014620,,,
295,test_fac,Well_14,,3,13259696,STATE_TRANSITION,Done,STOP,0,13259696,,,
296,test_fac,Well_14,,3,13259696,STATE_TRANSITION,Done,START,864000,14123696,,,
297,test_fac,Well_4,,3,13329000,STATE_TRANSITION,Done,STOP,0,13329000,,,
298,test_fac,Well_4,,3,13329000,STATE_TRANSITION,Done,START,864000,14193000,,,
299,test_fac,Well_6,,3,13359598,STATE_TRANSITION,Done,STOP,0,13359598,,,
300,test_fac,Well_6,,3,13359598,STATE_TRANSITION,Done,START,864000,14223598,,,
301,test_fac,Well_1,,3,13461281,STATE_TRANSITION,Done,STOP,0,13461281,,,
302,test_fac,Well_1,,3,13461281,STATE_TRANSITION,Done,START,864000,14325281,,,
303,test_fac,Well_8,,3,13480199,STATE_TRANSITION,Done,STOP,0,13480199,,,
304,test_fac,Well_8,,3,13480199,STATE_TRANSITION,Done,START,864000,14344199,,,
305,test_fac,Well_12,,3,13496398,STATE_TRANSITION,Done,STOP,0,13496398,,,
306,test_fac,Well_12,,3,13496398,STATE_TRANSITION,Done,START,864000,14360398,,,
307,test_fac,Well_13,,3,13577699,STATE_TRANSITION,Done,STOP,0,13577699,,,
308,test_fac,Well_13,,3,13577699,STATE_TRANSITION,Done,START,864000,14441699,,,
309,test_fac,Well_2,,3,13607099,STATE_TRANSITION,Flowback,STOP,0,13607099,,,
310,test_fac,Well_2,,3,13607099,STATE_TRANSITION,Done,START,864000,14471099,,,
311,test_fac,Well_3,,3,13820219,STATE_TRANSITION,Flowback,STOP,0,13820219,,,
312,test_fac,Well_3,,3,13820219,STATE_TRANSITION,Done,START,864000,14684219,,,
313,test_fac,Well_9,,3,13889699,STATE_TRANSITION,Done,STOP,0,13889699,,,
314,test_fac,Well_9,,3,13889699,STATE_TRANSITION,Done,START,864000,14753699,,,
315,test_fac,Well_5,,3,14014620,STATE_TRANSITION,Done,STOP,0,14014620,,,
316,test_fac,Well_5,,3,14014620,STATE_TRANSITION,Done,START,864000,14878620,,,
317,test_fac,Well_14,,3,14123696,STATE_TRANSITION,Done,STOP,0,14123696,,,
318,test_fac,Well_14,,3,14123696,STATE_TRANSITION,Done,START,864000,14987696,,,
319,test_fac,Well_4,,3,14193000,STATE_TRANSITION,Done,STOP,0,14193000,,,
320,test_fac,Well_4,,3,14193000,STATE_TRANSITION,Done,START,864000,15057000,,,
321,test_fac,Well_6,,3,14223598,STATE_TRANSITION,Done,STOP,0,14223598,,,
322,test_fac,Well_6,,3,14223598,STATE_TRANSITION,Done,START,864000,15087598,,,
323,test_fac,Well_1,,3,14325281,STATE_TRANSITION,Done,STOP,0,14325281,,,
324,test_fac,Well_1,,3,14325281,STATE_TRANSITION,Done,START,864000,15189281,,,
325,test_fac,Well_8,,3,14344199,STATE_TRANSITION,Done,STOP,0,14344199,,,
326,test_fac,Well_8,,3,14344199,STATE_TRANSITION,Done,START,864000,15208199,,,
327,test_fac,Well_12,,3,14360398,STATE_TRANSITION,Done,STOP,0,14360398,,,
328,test_fac,Well_12,,3,14360398,STATE_TRANSITION,Done,START,864000,15224398,,,
329,test_fac,Well_13,,3,14441699,STATE_TRANSITION,Done,STOP,0,14441699,,,
330,test_fac,Well_13,,3,14441699,STATE_TRANSITION,Done,START,864000,15305699,,,
331,test_fac,Well_2,,3,14471099,STATE_TRANSITION,Done,STOP,0,14471099,,,
332,test_fac,Well_2,,3,14471099,STATE_TRANSITION,Done,START,864000,15335099,,,
333,test_fac,Well_3,,3,14684219,STATE_TRANSITION,Done,STOP,0,14684219,,,
334,test_fac,Well_3,,3,14684219,STATE_TRANSITION,Done,START,864000,15548219,,,
335,test_fac,Well_9,,3,14753699,STATE_TRANSITION,Done,STOP,0,14753699,,,
336,test_fac,Well_9,,3,14753699,STATE_TRANSITION,Done,START,864000,15617699,,,
337,test_fac,Well_7,,3,14793300,STATE_TRANSITION,Flowback,STOP,0,14793300,,,
338,test_fac,Well_7,,3,14793300,STATE_TRANSITION,Done,START,864000,15657300,,,
339,test_fac,Well_5,,3,14878620,STATE_TRANSITION,Done,STOP,0,14878620,,,
340,test_fac,Well_5,,3,14878620,STATE_TRANSITION,Done,START,864000,15742620,,,
341,test_fac,Well_14,,3,14987696,STATE_TRANSITION,Done,STOP,0,14987696,,,
342,test_fac,Well_14,,3,14987696,STATE_TRANSITION,Done,START,864000,15851696,,,
343,test_fac,Well_4,,3,15057000,STATE_TRANSITION,Done,STOP,0,15057000,,,
344,test_fac,Well_4,,3,15057000,STATE_TRANSITION,Done,START,864000,15921000,,,
345,test_fac,Well_6,,3,15087598,STATE_TRANSITION,Done,STOP,0,15087598,,,
346,test_fac,Well_6,,3,15087598,STATE_TRANSITION,Done,START,864000,15951598,,,
347,test_fac,Well_1,,3,15189281,STATE_TRANSITION,Done,STOP,0,15189281,,,
348,test_fac,Well_1,,3,15189281,STATE_TRANSITION,Done,START,864000,16053281,,,
349,test_fac,Well_8,,3,15208199,STATE_TRANSITION,Done,STOP,0,15208199,,,
350,test_fac,Well_8,,3,15208199,STATE_TRANSITION,Done,START,864000,16072199,,,
351,test_fac,Well_12,,3,15224398,STATE_TRANSITION,Done,STOP,0,15224398,,,
352,test_fac,Well_12,,3,15224398,STATE_TRANSITION,Done,START,864000,16088398,,,
353,test_fac,Well_13,,3,15305699,STATE_TRANSITION,Done,STOP,0,15305699,,,
354,test_fac,Well_13,,3,15305699,STATE_TRANSITION,Done,START,864000,16169699,,,
355,test_fac,Well_2,,3,15335099,STATE_TRANSITION,Done,STOP,0,15335099,,,
356,test_fac,Well_2,,3,15335099,STATE_TRANSITION,Done,START,864000,16199099,,,
357,test_fac,Well_3,,3,15548219,STATE_TRANSITION,Done,STOP,0,15548219,,,
358,test_fac,Well_3,,3,15548219,STATE_TRANSITION,Done,START,864000,16412219,,,
359,test_fac,Well_9,,3,15617699,STATE_TRANSITION,Done,STOP,0,15617699,,,
360,test_fac,Well_9,,3,15617699,STATE_TRANSITION,Done,START,864000,16481699,,,
361,test_fac,Well_7,,3,15657300,STATE_TRANSITION,Done,STOP,0,15657300,,,
362,test_fac,Well_7,,3,15657300,STATE_TRANSITION,Done,START,864000,16521300,,,
363,test_fac,Well_5,,3,15742620,STATE_TRANSITION,Done,STOP,0,15742620,,,
364,test_fac,Well_5,,3,15742620,STATE_TRANSITION,Done,START,864000,16606620,,,
365,test_fac,Well_14,,3,15851696,STATE_TRANSITION,Done,STOP,0,15851696,,,
366,test_fac,Well_14,,3,15851696,STATE_TRANSITION,Done,START,864000,16715696,,,
367,test_fac,Well_4,,3,15921000,STATE_TRANSITION,Done,STOP,0,15921000,,,
368,test_fac,Well_4,,3,15921000,STATE_TRANSITION,Done,START,864000,16785000,,,
369,test_fac,Well_6,,3,15951598,STATE_TRANSITION,Done,STOP,0,15951598,,,
370,test_fac,Well_6,,3,15951598,STATE_TRANSITION,Done,START,864000,16815598,,,
371,test_fac,Well_1,,3,16053281,STATE_TRANSITION,Done,STOP,0,16053281,,,
372,test_fac,Well_1,,3,16053281,STATE_TRANSITION,Done,START,864000,16917281,,,
373,test_fac,Well_8,,3,16072199,STATE_TRANSITION,Done,STOP,0,16072199,,,
374,test_fac,Well_8,,3,16072199,STATE_TRANSITION,Done,START,864000,16936199,,,
375,test_fac,Well_12,,3,16088398,STATE_TRANSITION,Done,STOP,0,16088398,,,
376,test_fac,Well_12,,3,16088398,STATE_TRANSITION,Done,START,864000,16952398,,,
377,test_fac,Well_13,,3,16169699,STATE_TRANSITION,Done,STOP,0,16169699,,,
378,test_fac,Well_13,,3,16169699,STATE_TRANSITION,Done,START,864000,17033699,,,
379,test_fac,Well_2,,3,16199099,STATE_TRANSITION,Done,STOP,0,16199099,,,
380,test_fac,Well_2,,3,16199099,STATE_TRANSITION,Done,START,864000,17063099,,,
381,test_fac,Well_3,,3,16412219,STATE_TRANSITION,Done,STOP,0,16412219,,,
382,test_fac,Well_3,,3,16412219,STATE_TRANSITION,Done,START,864000,17276219,,,
383,test_fac,Well_9,,3,16481699,STATE_TRANSITION,Done,STOP,0,16481699,,,
384,test_fac,Well_9,,3,16481699,STATE_TRANSITION,Done,START,864000,17345699,,,
385,test_fac,Well_7,,3,16521300,STATE_TRANSITION,Done,STOP,0,16521300,,,
386,test_fac,Well_7,,3,16521300,STATE_TRANSITION,Done,START,864000,17385300,,,
387,test_fac,Well_5,,3,16606620,STATE_TRANSITION,Done,STOP,0,16606620,,,
388,test_fac,Well_5,,3,16606620,STATE_TRANSITION,Done,START,864000,17470620,,,
389,test_fac,Well_10,,3,16693019,STATE_TRANSITION,Flowback,STOP,0,16693019,,,
390,test_fac,Well_10,,3,16693019,STATE_TRANSITION,Done,START,864000,17557019,,,
391,test_fac,Well_14,,3,16715696,STATE_TRANSITION,Done,STOP,0,16715696,,,
392,test_fac,Well_14,,3,16715696,STATE_TRANSITION,Done,START,864000,17579696,,,
393,test_fac,Well_4,,3,16785000,STATE_TRANSITION,Done,STOP,0,16785000,,,
394,test_fac,Well_4,,3,16785000,STATE_TRANSITION,Done,START,864000,17649000,,,
395,test_fac,Well_6,,3,16815598,STATE_TRANSITION,Done,STOP,0,16815598,,,
396,test_fac,Well_6,,3,16815598,STATE_TRANSITION,Done,START,864000,17679598,,,
397,test_fac,Well_1,,3,16917281,STATE_TRANSITION,Done,STOP,0,16917281,,,
398,test_fac,Well_1,,3,16917281,STATE_TRANSITION,Done,START,864000,17781281,,,
399,test_fac,Well_8,,3,16936199,STATE_TRANSITION,Done,STOP,0,16936199,,,
400,test_fac,Well_8,,3,16936199,STATE_TRANSITION,Done,START,864000,17800199,,,
401,test_fac,Well_12,,3,16952398,STATE_TRANSITION,Done,STOP,0,16952398,,,
402,test_fac,Well_12,,3,16952398,STATE_TRANSITION,Done,START,864000,17816398,,,
403,test_fac,Well_13,,3,17033699,STATE_TRANSITION,Done,STOP,0,17033699,,,
404,test_fac,Well_13,,3,17033699,STATE_TRANSITION,Done,START,864000,17897699,,,
405,test_fac,Well_2,,3,17063099,STATE_TRANSITION,Done,STOP,0,17063099,,,
406,test_fac,Well_2,,3,17063099,STATE_TRANSITION,Done,START,864000,17927099,,,
407,test_fac,Well_11,,3,17123937,STATE_TRANSITION,Flowback,STOP,0,17123937,,,
408,test_fac,Well_11,,3,17123937,STATE_TRANSITION,Done,START,864000,17987937,,,
409,test_fac,Well_3,,3,17276219,STATE_TRANSITION,Done,STOP,0,17276219,,,
410,test_fac,Well_3,,3,17276219,STATE_TRANSITION,Done,START,864000,18140219,,,
411,test_fac,Well_9,,3,17345699,STATE_TRANSITION,Done,STOP,0,17345699,,,
412,test_fac,Well_9,,3,17345699,STATE_TRANSITION,Done,START,864000,18209699,,,
413,test_fac,Well_7,,3,17385300,STATE_TRANSITION,Done,STOP,0,17385300,,,
414,test_fac,Well_7,,3,17385300,STATE_TRANSITION,Done,START,864000,18249300,,,
415,test_fac,Well_5,,3,17470620,STATE_TRANSITION,Done,STOP,0,17470620,,,
416,test_fac,Well_5,,3,17470620,STATE_TRANSITION,Done,START,864000,18334620,,,
417,test_fac,Well_10,,3,17557019,STATE_TRANSITION,Done,STOP,0,17557019,,,
418,test_fac,Well_10,,3,17557019,STATE_TRANSITION,Done,START,864000,18421019,,,
419,test_fac,Well_14,,3,17579696,STATE_TRANSITION,Done,STOP,0,17579696,,,
420,test_fac,Well_14,,3,17579696,STATE_TRANSITION,Done,START,864000,18443696,,,
421,test_fac,Well_4,,3,17649000,STATE_TRANSITION,Done,STOP,0,17649000,,,
422,test_fac,Well_4,,3,17649000,STATE_TRANSITION,Done,START,864000,18513000,,,
423,test_fac,Well_6,,3,17679598,STATE_TRANSITION,Done,STOP,0,17679598,,,
424,test_fac,Well_6,,3,17679598,STATE_TRANSITION,Done,START,864000,18543598,,,
425,test_fac,Well_1,,3,17781281,STATE_TRANSITION,Done,STOP,0,17781281,,,
426,test_fac,Well_1,,3,17781281,STATE_TRANSITION,Done,START,864000,18645281,,,
427,test_fac,Well_8,,3,17800199,STATE_TRANSITION,Done,STOP,0,17800199,,,
428,test_fac,Well_8,,3,17800199,STATE_TRANSITION,Done,START,864000,18664199,,,
429,test_fac,Well_12,,3,17816398,STATE_TRANSITION,Done,STOP,0,17816398,,,
430,test_fac,Well_12,,3,17816398,STATE_TRANSITION,Done,START,864000,18680398,,,
431,test_fac,Well_13,,3,17897699,STATE_TRANSITION,Done,STOP,0,17897699,,,
432,test_fac,Well_13,,3,17897699,STATE_TRANSITION,Done,START,864000,18761699,,,
433,test_fac,Well_2,,3,17927099,STATE_TRANSITION,Done,STOP,0,17927099,,,
434,test_fac,Well_2,,3,17927099,STATE_TRANSITION,Done,START,864000,18791099,,,
435,test_fac,Well_11,,3,17987937,STATE_TRANSITION,Done,STOP,0,17987937,,,
436,test_fac,Well_11,,3,17987937,STATE_TRANSITION,Done,START,864000,18851937,,,
437,test_fac,Well_3,,3,18140219,STATE_TRANSITION,Done,STOP,0,18140219,,,
438,test_fac,Well_3,,3,18140219,STATE_TRANSITION,Done,START,864000,19004219,,,
439,test_fac,Well_9,,3,18209699,STATE_TRANSITION,Done,STOP,0,18209699,,,
440,test_fac,Well_9,,3,18209699,STATE_TRANSITION,Done,START,864000,19073699,,,
441,test_fac,Well_7,,3,18249300,STATE_TRANSITION,Done,STOP,0,18249300,,,
442,test_fac,Well_7,,3,18249300,STATE_TRANSITION,Done,START,864000,19113300,,,
443,test_fac,Well_5,,3,18334620,STATE_TRANSITION,Done,STOP,0,18334620,,,
444,test_fac,Well_5,,3,18334620,STATE_TRANSITION,Done,START,864000,19198620,,,
445,test_fac,Well_10,,3,18421019,STATE_TRANSITION,Done,STOP,0,18421019,,,
446,test_fac,Well_10,,3,18421019,STATE_TRANSITION,Done,START,864000,19285019,,,
447,test_fac,Well_14,,3,18443696,STATE_TRANSITION,Done,STOP,0,18443696,,,
448,test_fac,Well_14,,3,18443696,STATE_TRANSITION,Done,START,864000,19307696,,,
449,test_fac,Well_4,,3,18513000,STATE_TRANSITION,Done,STOP,0,18513000,,,
450,test_fac,Well_4,,3,18513000,STATE_TRANSITION,Done,START,864000,19377000,,,
451,test_fac,Well_6,,3,18543598,STATE_TRANSITION,Done,STOP,0,18543598,,,
452,test_fac,Well_6,,3,18543598,STATE_TRANSITION,Done,START,864000,19407598,,,
453,test_fac,Well_1,,3,18645281,STATE_TRANSITION,Done,STOP,0,18645281,,,
454,test_fac,Well_1,,3,18645281,STATE_TRANSITION,Done,START,864000,19509281,,,
455,test_fac,Well_8,,3,18664199,STATE_TRANSITION,Done,STOP,0,18664199,,,
456,test_fac,Well_8,,3,18664199,STATE_TRANSITION,Done,START,864000,19528199,,,
457,test_fac,Well_12,,3,18680398,STATE_TRANSITION,Done,STOP,0,18680398,,,
458,test_fac,Well_12,,3,18680398,STATE_TRANSITION,Done,START,864000,19544398,,,
459,test_fac,Well_13,,3,18761699,STATE_TRANSITION,Done,STOP,0,18761699,,,
460,test_fac,Well_13,,3,18761699,STATE_TRANSITION,Done,START,864000,19625699,,,
461,test_fac,Well_2,,3,18791099,STATE_TRANSITION,Done,STOP,0,18791099,,,
462,test_fac,Well_2,,3,18791099,STATE_TRANSITION,Done,START,864000,19655099,,,
463,test_fac,Well_11,,3,18851937,STATE_TRANSITION,Done,STOP,0,18851937,,,
464,test_fac,Well_11,,3,18851937,STATE_TRANSITION,Done,START,864000,19715937,,,
465,test_fac,Well_3,,3,19004219,STATE_TRANSITION,Done,STOP,0,19004219,,,
466,test_fac,Well_3,,3,19004219,STATE_TRANSITION,Done,START,864000,19868219,,,
467,test_fac,Well_9,,3,19073699,STATE_TRANSITION,Done,STOP,0,19073699,,,
468,test_fac,Well_9,,3,19073699,STATE_TRANSITION,Done,START,864000,19937699,,,
469,test_fac,Well_7,,3,19113300,STATE_TRANSITION,Done,STOP,0,19113300,,,
470,test_fac,Well_7,,3,19113300,STATE_TRANSITION,Done,START,864000,19977300,,,
471,test_fac,Well_5,,3,19198620,STATE_TRANSITION,Done,STOP,0,19198620,,,
472,test_fac,Well_5,,3,19198620,STATE_TRANSITION,Done,START,864000,20062620,,,
473,test_fac,Well_10,,3,19285019,STATE_TRANSITION,Done,STOP,0,19285019,,,
474,test_fac,Well_10,,3,19285019,STATE_TRANSITION,Done,START,864000,20149019,,,
475,test_fac,Well_14,,3,19307696,STATE_TRANSITION,Done,STOP,0,19307696,,,
476,test_fac,Well_14,,3,19307696,STATE_TRANSITION,Done,START,864000,20171696,,,
477,test_fac,Well_4,,3,19377000,STATE_TRANSITION,Done,STOP,0,19377000,,,
478,test_fac,Well_4,,3,19377000,STATE_TRANSITION,Done,START,864000,20241000,,,
479,test_fac,Well_6,,3,19407598,STATE_TRANSITION,Done,STOP,0,19407598,,,
480,test_fac,Well_6,,3,19407598,STATE_TRANSITION,Done,START,864000,20271598,,,
481,test_fac,Well_1,,3,19509281,STATE_TRANSITION,Done,STOP,0,19509281,,,
482,test_fac,Well_1,,3,19509281,STATE_TRANSITION,Done,START,864000,20373281,,,
483,test_fac,Well_8,,3,19528199,STATE_TRANSITION,Done,STOP,0,19528199,,,
484,test_fac,Well_8,,3,19528199,STATE_TRANSITION,Done,START,864000,20392199,,,
485,test_fac,Well_12,,3,19544398,STATE_TRANSITION,Done,STOP,0,19544398,,,
486,test_fac,Well_12,,3,19544398,STATE_TRANSITION,Done,START,864000,20408398,,,
487,test_fac,Well_13,,3,19625699,STATE_TRANSITION,Done,STOP,0,19625699,,,
488,test_fac,Well_13,,3,19625699,STATE_TRANSITION,Done,START,864000,20489699,,,
489,test_fac,Well_2,,3,19655099,STATE_TRANSITION,Done,STOP,0,19655099,,,
490,test_fac,Well_2,,3,19655099,STATE_TRANSITION,Done,START,864000,20519099,,,
491,test_fac,Well_11,,3,19715937,STATE_TRANSITION,Done,STOP,0,19715937,,,
492,test_fac,Well_11,,3,19715937,STATE_TRANSITION,Done,START,864000,20579937,,,
493,test_fac,Well_3,,3,19868219,STATE_TRANSITION,Done,STOP,0,19868219,,,
494,test_fac,Well_3,,3,19868219,STATE_TRANSITION,Done,START,864000,20732219,,,
495,test_fac,Well_9,,3,19937699,STATE_TRANSITION,Done,STOP,0,19937699,,,
496,test_fac,Well_9,,3,19937699,STATE_TRANSITION,Done,START,864000,20801699,,,
497,test_fac,Well_7,,3,19977300,STATE_TRANSITION,Done,STOP,0,19977300,,,
498,test_fac,Well_7,,3,19977300,STATE_TRANSITION,Done,START,864000,20841300,,,
499,test_fac,Well_5,,3,20062620,STATE_TRANSITION,Done,STOP,0,20062620,,,
500,test_fac,Well_5,,3,20062620,STATE_TRANSITION,Done,START,864000,20926620,,,
501,test_fac,Well_10,,3,20149019,STATE_TRANSITION,Done,STOP,0,20149019,,,
502,test_fac,Well_10,,3,20149019,STATE_TRANSITION,Done,START,864000,21013019,,,
503,test_fac,Well_14,,3,20171696,STATE_TRANSITION,Done,STOP,0,20171696,,,
504,test_fac,Well_14,,3,20171696,STATE_TRANSITION,Done,START,864000,21035696,,,
505,test_fac,Well_4,,3,20241000,STATE_TRANSITION,Done,STOP,0,20241000,,,
506,test_fac,Well_4,,3,20241000,STATE_TRANSITION,Done,START,864000,21105000,,,
507,test_fac,Well_6,,3,20271598,STATE_TRANSITION,Done,STOP,0,20271598,,,
508,test_fac,Well_6,,3,20271598,STATE_TRANSITION,Done,START,864000,21135598,,,
509,test_fac,Well_1,,3,20373281,STATE_TRANSITION,Done,STOP,0,20373281,,,
510,test_fac,Well_1,,3,20373281,STATE_TRANSITION,Done,START,864000,21237281,,,
511,test_fac,Well_8,,3,20392199,STATE_TRANSITION,Done,STOP,0,20392199,,,
512,test_fac,Well_8,,3,20392199,STATE_TRANSITION,Done,START,864000,21256199,,,
513,test_fac,Well_12,,3,20408398,STATE_TRANSITION,Done,STOP,0,20408398,,,
514,test_fac,Well_12,,3,20408398,STATE_TRANSITION,Done,START,864000,21272398,,,
515,test_fac,Well_13,,3,20489699,STATE_TRANSITION,Done,STOP,0,20489699,,,
516,test_fac,Well_13,,3,20489699,STATE_TRANSITION,Done,START,864000,21353699,,,
517,test_fac,Well_2,,3,20519099,STATE_TRANSITION,Done,STOP,0,20519099,,,
518,test_fac,Well_2,,3,20519099,STATE_TRANSITION,Done,START,864000,21383099,,,
519,test_fac,Well_11,,3,20579937,STATE_TRANSITION,Done,STOP,0,20579937,,,
520,test_fac,Well_11,,3,20579937,STATE_TRANSITION,Done,START,864000,21443937,,,
521,test_fac,Well_3,,3,20732219,STATE_TRANSITION,Done,STOP,0,20732219,,,
522,test_fac,Well_3,,3,20732219,STATE_TRANSITION,Done,START,864000,21596219,,,
523,test_fac,Well_9,,3,20801699,STATE_TRANSITION,Done,STOP,0,20801699,,,
524,test_fac,Well_9,,3,20801699,STATE_TRANSITION,Done,START,864000,21665699,,,
525,test_fac,Well_7,,3,20841300,STATE_TRANSITION,Done,STOP,0,20841300,,,
526,test_fac,Well_7,,3,20841300,STATE_TRANSITION,Done,START,864000,21705300,,,
527,test_fac,Well_5,,3,20926620,STATE_TRANSITION,Done,STOP,0,20926620,,,
528,test_fac,Well_5,,3,20926620,STATE_TRANSITION,Done,START,864000,21790620,,,
529,test_fac,Well_10,,3,21013019,STATE_TRANSITION,Done,STOP,0,21013019,,,
530,test_fac,Well_10,,3,21013019,STATE_TRANSITION,Done,START,864000,21877019,,,
531,test_fac,Well_14,,3,21035696,STATE_TRANSITION,Done,STOP,0,21035696,,,
532,test_fac,Well_14,,3,21035696,STATE_TRANSITION,Done,START,864000,21899696,,,
533,test_fac,Well_4,,3,21105000,STATE_TRANSITION,Done,STOP,0,21105000,,,
534,test_fac,Well_4,,3,21105000,STATE_TRANSITION,Done,START,864000,21969000,,,
535,test_fac,Well_6,,3,21135598,STATE_TRANSITION,Done,STOP,0,21135598,,,
536,test_fac,Well_6,,3,21135598,STATE_TRANSITION,Done,START,864000,21999598,,,
537,test_fac,Well_1,,3,21237281,STATE_TRANSITION,Done,STOP,0,21237281,,,
538,test_fac,Well_1,,3,21237281,STATE_TRANSITION,Done,START,864000,22101281,,,
539,test_fac,Well_8,,3,21256199,STATE_TRANSITION,Done,STOP,0,21256199,,,
540,test_fac,Well_8,,3,21256199,STATE_TRANSITION,Done,START,864000,22120199,,,
541,test_fac,Well_12,,3,21272398,STATE_TRANSITION,Done,STOP,0,21272398,,,
542,test_fac,Well_12,,3,21272398,STATE_TRANSITION,Done,START,864000,22136398,,,
543,test_fac,Well_13,,3,21353699,STATE_TRANSITION,Done,STOP,0,21353699,,,
544,test_fac,Well_13,,3,21353699,STATE_TRANSITION,Done,START,864000,22217699,,,
545,test_fac,Well_2,,3,21383099,STATE_TRANSITION,Done,STOP,0,21383099,,,
546,test_fac,Well_2,,3,21383099,STATE_TRANSITION,Done,START,864000,22247099,,,
547,test_fac,Well_11,,3,21443937,STATE_TRANSITION,Done,STOP,0,21443937,,,
548,test_fac,Well_11,,3,21443937,STATE_TRANSITION,Done,START,864000,22307937,,,
549,test_fac,Well_3,,3,21596219,STATE_TRANSITION,Done,STOP,0,21596219,,,
550,test_fac,Well_3,,3,21596219,STATE_TRANSITION,Done,START,864000,22460219,,,
551,test_fac,Well_9,,3,21665699,STATE_TRANSITION,Done,STOP,0,21665699,,,
552,test_fac,Well_9,,3,21665699,STATE_TRANSITION,Done,START,864000,22529699,,,
553,test_fac,Well_7,,3,21705300,STATE_TRANSITION,Done,STOP,0,21705300,,,
554,test_fac,Well_7,,3,21705300,STATE_TRANSITION,Done,START,864000,22569300,,,
555,test_fac,Well_5,,3,21790620,STATE_TRANSITION,Done,STOP,0,21790620,,,
556,test_fac,Well_5,,3,21790620,STATE_TRANSITION,Done,START,864000,22654620,,,
557,test_fac,Well_10,,3,21877019,STATE_TRANSITION,Done,STOP,0,21877019,,,
558,test_fac,Well_10,,3,21877019,STATE_TRANSITION,Done,START,864000,22741019,,,
559,test_fac,Well_14,,3,21899696,STATE_TRANSITION,Done,STOP,0,21899696,,,
560,test_fac,Well_14,,3,21899696,STATE_TRANSITION,Done,START,864000,22763696,,,
561,test_fac,Well_4,,3,21969000,STATE_TRANSITION,Done,STOP,0,21969000,,,
562,test_fac,Well_4,,3,21969000,STATE_TRANSITION,Done,START,864000,22833000,,,
563,test_fac,Well_6,,3,21999598,STATE_TRANSITION,Done,STOP,0,21999598,,,
564,test_fac,Well_6,,3,21999598,STATE_TRANSITION,Done,START,864000,22863598,,,
565,test_fac,Well_1,,3,22101281,STATE_TRANSITION,Done,STOP,0,22101281,,,
566,test_fac,Well_1,,3,22101281,STATE_TRANSITION,Done,START,864000,22965281,,,
567,test_fac,Well_8,,3,22120199,STATE_TRANSITION,Done,STOP,0,22120199,,,
568,test_fac,Well_8,,3,22120199,STATE_TRANSITION,Done,START,864000,22984199,,,
569,test_fac,Well_12,,3,22136398,STATE_TRANSITION,Done,STOP,0,22136398,,,
570,test_fac,Well_12,,3,22136398,STATE_TRANSITION,Done,START,864000,23000398,,,
571,test_fac,Well_13,,3,22217699,STATE_TRANSITION,Done,STOP,0,22217699,,,
572,test_fac,Well_13,,3,22217699,STATE_TRANSITION,Done,START,864000,23081699,,,
573,test_fac,Well_2,,3,22247099,STATE_TRANSITION,Done,STOP,0,22247099,,,
574,test_fac,Well_2,,3,22247099,STATE_TRANSITION,Done,START,864000,23111099,,,
575,test_fac,Well_11,,3,22307937,STATE_TRANSITION,Done,STOP,0,22307937,,,
576,test_fac,Well_11,,3,22307937,STATE_TRANSITION,Done,START,864000,23171937,,,
577,test_fac,Well_3,,3,22460219,STATE_TRANSITION,Done,STOP,0,22460219,,,
578,test_fac,Well_3,,3,22460219,STATE_TRANSITION,Done,START,864000,23324219,,,
579,test_fac,Well_9,,3,22529699,STATE_TRANSITION,Done,STOP,0,22529699,,,
580,test_fac,Well_9,,3,22529699,STATE_TRANSITION,Done,START,864000,23393699,,,
581,test_fac,Well_7,,3,22569300,STATE_TRANSITION,Done,STOP,0,22569300,,,
582,test_fac,Well_7,,3,22569300,STATE_TRANSITION,Done,START,864000,23433300,,,
583,test_fac,Well_5,,3,22654620,STATE_TRANSITION,Done,STOP,0,22654620,,,
584,test_fac,Well_5,,3,22654620,STATE_TRANSITION,Done,START,864000,23518620,,,
585,test_fac,Well_10,,3,22741019,STATE_TRANSITION,Done,STOP,0,22741019,,,
586,test_fac,Well_10,,3,22741019,STATE_TRANSITION,Done,START,864000,23605019,,,
587,test_fac,Well_14,,3,22763696,STATE_TRANSITION,Done,STOP,0,22763696,,,
588,test_fac,Well_14,,3,22763696,STATE_TRANSITION,Done,START,864000,23627696,,,
589,test_fac,Well_4,,3,22833000,STATE_TRANSITION,Done,STOP,0,22833000,,,
590,test_fac,Well_4,,3,22833000,STATE_TRANSITION,Done,START,864000,23697000,,,
591,test_fac,Well_6,,3,22863598,STATE_TRANSITION,Done,STOP,0,22863598,,,
592,test_fac,Well_6,,3,22863598,STATE_TRANSITION,Done,START,864000,23727598,,,
593,test_fac,Well_1,,3,22965281,STATE_TRANSITION,Done,STOP,0,22965281,,,
594,test_fac,Well_1,,3,22965281,STATE_TRANSITION,Done,START,864000,23829281,,,
595,test_fac,Well_8,,3,22984199,STATE_TRANSITION,Done,STOP,0,22984199,,,
596,test_fac,Well_8,,3,22984199,STATE_TRANSITION,Done,START,864000,23848199,,,
597,test_fac,Well_12,,3,23000398,STATE_TRANSITION,Done,STOP,0,23000398,,,
598,test_fac,Well_12,,3,23000398,STATE_TRANSITION,Done,START,864000,23864398,,,
599,test_fac,Well_13,,3,23081699,STATE_TRANSITION,Done,STOP,0,23081699,,,
600,test_fac,Well_13,,3,23081699,STATE_TRANSITION,Done,START,864000,23945699,,,
601,test_fac,Well_2,,3,23111099,STATE_TRANSITION,Done,STOP,0,23111099,,,
602,test_fac,Well_2,,3,23111099,STATE_TRANSITION,Done,START,864000,23975099,,,
603,test_fac,Well_11,,3,23171937,STATE_TRANSITION,Done,STOP,0,23171937,,,
604,test_fac,Well_11,,3,23171937,STATE_TRANSITION,Done,START,864000,24035937,,,
605,test_fac,Well_3,,3,23324219,STATE_TRANSITION,Done,STOP,0,23324219,,,
606,test_fac,Well_3,,3,23324219,STATE_TRANSITION,Done,START,864000,24188219,,,
607,test_fac,Well_9,,3,23393699,STATE_TRANSITION,Done,STOP,0,23393699,,,
608,test_fac,Well_9,,3,23393699,STATE_TRANSITION,Done,START,864000,24257699,,,
609,test_fac,Well_7,,3,23433300,STATE_TRANSITION,Done,STOP,0,23433300,,,
610,test_fac,Well_7,,3,23433300,STATE_TRANSITION,Done,START,864000,24297300,,,
611,test_fac,Well_5,,3,23518620,STATE_TRANSITION,Done,STOP,0,23518620,,,
612,test_fac,Well_5,,3,23518620,STATE_TRANSITION,Done,START,864000,24382620,,,
613,test_fac,Well_10,,3,23605019,STATE_TRANSITION,Done,STOP,0,23605019,,,
614,test_fac,Well_10,,3,23605019,STATE_TRANSITION,Done,START,864000,24469019,,,
615,test_fac,Well_14,,3,23627696,STATE_TRANSITION,Done,STOP,0,23627696,,,
616,test_fac,Well_14,,3,23627696,STATE_TRANSITION,Done,START,864000,24491696,,,
617,test_fac,Well_4,,3,23697000,STATE_TRANSITION,Done,STOP,0,23697000,,,
618,test_fac,Well_4,,3,23697000,STATE_TRANSITION,Done,START,864000,24561000,,,
619,test_fac,Well_6,,3,23727598,STATE_TRANSITION,Done,STOP,0,23727598,,,
620,test_fac,Well_6,,3,23727598,STATE_TRANSITION,Done,START,864000,24591598,,,
621,test_fac,Well_1,,3,23829281,STATE_TRANSITION,Done,STOP,0,23829281,,,
622,test_fac,Well_1,,3,23829281,STATE_TRANSITION,Done,START,864000,24693281,,,
623,test_fac,Well_8,,3,23848199,STATE_TRANSITION,Done,STOP,0,23848199,,,
624,test_fac,Well_8,,3,23848199,STATE_TRANSITION,Done,START,864000,24712199,,,
625,test_fac,Well_12,,3,23864398,STATE_TRANSITION,Done,STOP,0,23864398,,,
626,test_fac,Well_12,,3,23864398,STATE_TRANSITION,Done,START,864000,24728398,,,
627,test_fac,Well_13,,3,23945699,STATE_TRANSITION,Done,STOP,0,23945699,,,
628,test_fac,Well_13,,3,23945699,STATE_TRANSITION,Done,START,864000,24809699,,,
629,test_fac,Well_2,,3,23975099,STATE_TRANSITION,Done,STOP,0,23975099,,,
630,test_fac,Well_2,,3,23975099,STATE_TRANSITION,Done,START,864000,24839099,,,
631,test_fac,Well_11,,3,24035937,STATE_TRANSITION,Done,STOP,0,24035937,,,
632,test_fac,Well_11,,3,24035937,STATE_TRANSITION,Done,START,864000,24899937,,,
633,test_fac,Well_3,,3,24188219,STATE_TRANSITION,Done,STOP,0,24188219,,,
634,test_fac,Well_3,,3,24188219,STATE_TRANSITION,Done,START,864000,25052219,,,
635,test_fac,Well_9,,3,24257699,STATE_TRANSITION,Done,STOP,0,24257699,,,
636,test_fac,Well_9,,3,24257699,STATE_TRANSITION,Done,START,864000,25121699,,,
637,test_fac,Well_7,,3,24297300,STATE_TRANSITION,Done,STOP,0,24297300,,,
638,test_fac,Well_7,,3,24297300,STATE_TRANSITION,Done,START,864000,25161300,,,
639,test_fac,Well_5,,3,24382620,STATE_TRANSITION,Done,STOP,0,24382620,,,
640,test_fac,Well_5,,3,24382620,STATE_TRANSITION,Done,START,864000,25246620,,,
641,test_fac,Well_10,,3,24469019,STATE_TRANSITION,Done,STOP,0,24469019,,,
642,test_fac,Well_10,,3,24469019,STATE_TRANSITION,Done,START,864000,25333019,,,
643,test_fac,Well_14,,3,24491696,STATE_TRANSITION,Done,STOP,0,24491696,,,
644,test_fac,Well_14,,3,24491696,STATE_TRANSITION,Done,START,864000,25355696,,,
645,test_fac,Well_4,,3,24561000,STATE_TRANSITION,Done,STOP,0,24561000,,,
646,test_fac,Well_4,,3,24561000,STATE_TRANSITION,Done,START,864000,25425000,,,
647,test_fac,Well_6,,3,24591598,STATE_TRANSITION,Done,STOP,0,24591598,,,
648,test_fac,Well_6,,3,24591598,STATE_TRANSITION,Done,START,864000,25455598,,,
649,test_fac,Well_1,,3,24693281,STATE_TRANSITION,Done,STOP,0,24693281,,,
650,test_fac,Well_1,,3,24693281,STATE_TRANSITION,Done,START,864000,25557281,,,
651,test_fac,Well_8,,3,24712199,STATE_TRANSITION,Done,STOP,0,24712199,,,
652,test_fac,Well_8,,3,24712199,STATE_TRANSITION,Done,START,864000,25576199,,,
653,test_fac,Well_12,,3,24728398,STATE_TRANSITION,Done,STOP,0,24728398,,,
654,test_fac,Well_12,,3,24728398,STATE_TRANSITION,Done,START,864000,25592398,,,
655,test_fac,Well_13,,3,24809699,STATE_TRANSITION,Done,STOP,0,24809699,,,
656,test_fac,Well_13,,3,24809699,STATE_TRANSITION,Done,START,864000,25673699,,,
657,test_fac,Well_2,,3,24839099,STATE_TRANSITION,Done,STOP,0,24839099,,,
658,test_fac,Well_2,,3,24839099,STATE_TRANSITION,Done,START,864000,25703099,,,
659,test_fac,Well_11,,3,24899937,STATE_TRANSITION,Done,STOP,0,24899937,,,
660,test_fac,Well_11,,3,24899937,STATE_TRANSITION,Done,START,864000,25763937,,,
661,test_fac,Well_3,,3,25052219,STATE_TRANSITION,Done,STOP,0,25052219,,,
662,test_fac,Well_3,,3,25052219,STATE_TRANSITION,Done,START,864000,25916219,,,
663,test_fac,Well_9,,3,25121699,STATE_TRANSITION,Done,STOP,0,25121699,,,
664,test_fac,Well_9,,3,25121699,STATE_TRANSITION,Done,START,864000,25985699,,,
665,test_fac,Well_7,,3,25161300,STATE_TRANSITION,Done,STOP,0,25161300,,,
666,test_fac,Well_7,,3,25161300,STATE_TRANSITION,Done,START,864000,26025300,,,
667,test_fac,Well_5,,3,25246620,STATE_TRANSITION,Done,STOP,0,25246620,,,
668,test_fac,Well_5,,3,25246620,STATE_TRANSITION,Done,START,864000,26110620,,,
669,test_fac,Well_10,,3,25333019,STATE_TRANSITION,Done,STOP,0,25333019,,,
670,test_fac,Well_10,,3,25333019,STATE_TRANSITION,Done,START,864000,26197019,,,
671,test_fac,Well_14,,3,25355696,STATE_TRANSITION,Done,STOP,0,25355696,,,
672,test_fac,Well_14,,3,25355696,STATE_TRANSITION,Done,START,864000,26219696,,,
673,test_fac,Well_4,,3,25425000,STATE_TRANSITION,Done,STOP,0,25425000,,,
674,test_fac,Well_4,,3,25425000,STATE_TRANSITION,Done,START,864000,26289000,,,
675,test_fac,Well_6,,3,25455598,STATE_TRANSITION,Done,STOP,0,25455598,,,
676,test_fac,Well_6,,3,25455598,STATE_TRANSITION,Done,START,864000,26319598,,,
677,test_fac,Well_1,,3,25557281,STATE_TRANSITION,Done,STOP,0,25557281,,,
678,test_fac,Well_1,,3,25557281,STATE_TRANSITION,Done,START,864000,26421281,,,
679,test_fac,Well_8,,3,25576199,STATE_TRANSITION,Done,STOP,0,25576199,,,
680,test_fac,Well_8,,3,25576199,STATE_TRANSITION,Done,START,864000,26440199,,,
681,test_fac,Well_12,,3,25592398,STATE_TRANSITION,Done,STOP,0,25592398,,,
682,test_fac,Well_12,,3,25592398,STATE_TRANSITION,Done,START,864000,26456398,,,
683,test_fac,Well_13,,3,25673699,STATE_TRANSITION,Done,STOP,0,25673699,,,
684,test_fac,Well_13,,3,25673699,STATE_TRANSITION,Done,START,864000,26537699,,,
685,test_fac,Well_2,,3,25703099,STATE_TRANSITION,Done,STOP,0,25703099,,,
686,test_fac,Well_2,,3,25703099,STATE_TRANSITION,Done,START,864000,26567099,,,
687,test_fac,Well_11,,3,25763937,STATE_TRANSITION,Done,STOP,0,25763937,,,
688,test_fac,Well_11,,3,25763937,STATE_TRANSITION,Done,START,864000,26627937,,,
689,test_fac,Well_3,,3,25916219,STATE_TRANSITION,Done,STOP,0,25916219,,,
690,test_fac,Well_3,,3,25916219,STATE_TRANSITION,Done,START,864000,26780219,,,
691,test_fac,Well_9,,3,25985699,STATE_TRANSITION,Done,STOP,0,25985699,,,
692,test_fac,Well_9,,3,25985699,STATE_TRANSITION,Done,START,864000,26849699,,,
693,test_fac,Well_7,,3,26025300,STATE_TRANSITION,Done,STOP,0,26025300,,,
694,test_fac,Well_7,,3,26025300,STATE_TRANSITION,Done,START,864000,26889300,,,
695,test_fac,Well_5,,3,26110620,STATE_TRANSITION,Done,STOP,0,26110620,,,
696,test_fac,Well_5,,3,26110620,STATE_TRANSITION,Done,START,864000,26974620,,,
697,test_fac,Well_10,,3,26197019,STATE_TRANSITION,Done,STOP,0,26197019,,,
698,test_fac,Well_10,,3,26197019,STATE_TRANSITION,Done,START,864000,27061019,,,
699,test_fac,Well_14,,3,26219696,STATE_TRANSITION,Done,STOP,0,26219696,,,
700,test_fac,Well_14,,3,26219696,STATE_TRANSITION,Done,START,864000,27083696,,,
701,test_fac,Well_4,,3,26289000,STATE_TRANSITION,Done,STOP,0,26289000,,,
702,test_fac,Well_4,,3,26289000,STATE_TRANSITION,Done,START,864000,27153000,,,
703,test_fac,Well_6,,3,26319598,STATE_TRANSITION,Done,STOP,0,26319598,,,
704,test_fac,Well_6,,3,26319598,STATE_TRANSITION,Done,START,864000,27183598,,,
705,test_fac,Well_1,,3,26421281,STATE_TRANSITION,Done,STOP,0,26421281,,,
706,test_fac,Well_1,,3,26421281,STATE_TRANSITION,Done,START,864000,27285281,,,
707,test_fac,Well_8,,3,26440199,STATE_TRANSITION,Done,STOP,0,26440199,,,
708,test_fac,Well_8,,3,26440199,STATE_TRANSITION,Done,START,864000,27304199,,,
709,test_fac,Well_12,,3,26456398,STATE_TRANSITION,Done,STOP,0,26456398,,,
710,test_fac,Well_12,,3,26456398,STATE_TRANSITION,Done,START,864000,27320398,,,
711,test_fac,Well_13,,3,26537699,STATE_TRANSITION,Done,STOP,0,26537699,,,
712,test_fac,Well_13,,3,26537699,STATE_TRANSITION,Done,START,864000,27401699,,,
713,test_fac,Well_2,,3,26567099,STATE_TRANSITION,Done,STOP,0,26567099,,,
714,test_fac,Well_2,,3,26567099,STATE_TRANSITION,Done,START,864000,27431099,,,
715,test_fac,Well_11,,3,26627937,STATE_TRANSITION,Done,STOP,0,26627937,,,
716,test_fac,Well_11,,3,26627937,STATE_TRANSITION,Done,START,864000,27491937,,,
717,test_fac,Well_3,,3,26780219,STATE_TRANSITION,Done,STOP,0,26780219,,,
718,test_fac,Well_3,,3,26780219,STATE_TRANSITION,Done,START,864000,27644219,,,
719,test_fac,Well_9,,3,26849699,STATE_TRANSITION,Done,STOP,0,26849699,,,
720,test_fac,Well_9,,3,26849699,STATE_TRANSITION,Done,START,864000,27713699,,,
721,test_fac,Well_7,,3,26889300,STATE_TRANSITION,Done,STOP,0,26889300,,,
722,test_fac,Well_7,,3,26889300,STATE_TRANSITION,Done,START,864000,27753300,,,
723,test_fac,Well_5,,3,26974620,STATE_TRANSITION,Done,STOP,0,26974620,,,
724,test_fac,Well_5,,3,26974620,STATE_TRANSITION,Done,START,864000,27838620,,,
725,test_fac,Well_10,,3,27061019,STATE_TRANSITION,Done,STOP,0,27061019,,,
726,test_fac,Well_10,,3,27061019,STATE_TRANSITION,Done,START,864000,27925019,,,
727,test_fac,Well_14,,3,27083696,STATE_TRANSITION,Done,STOP,0,27083696,,,
728,test_fac,Well_14,,3,27083696,STATE_TRANSITION,Done,START,864000,27947696,,,
729,test_fac,Well_4,,3,27153000,STATE_TRANSITION,Done,STOP,0,27153000,,,
730,test_fac,Well_4,,3,27153000,STATE_TRANSITION,Done,START,864000,28017000,,,
731,test_fac,Well_6,,3,27183598,STATE_TRANSITION,Done,STOP,0,27183598,,,
732,test_fac,Well_6,,3,27183598,STATE_TRANSITION,Done,START,864000,28047598,,,
733,test_fac,Well_1,,3,27285281,STATE_TRANSITION,Done,STOP,0,27285281,,,
734,test_fac,Well_1,,3,27285281,STATE_TRANSITION,Done,START,864000,28149281,,,
735,test_fac,Well_8,,3,27304199,STATE_TRANSITION,Done,STOP,0,27304199,,,
736,test_fac,Well_8,,3,27304199,STATE_TRANSITION,Done,START,864000,28168199,,,
737,test_fac,Well_12,,3,27320398,STATE_TRANSITION,Done,STOP,0,27320398,,,
738,test_fac,Well_12,,3,27320398,STATE_TRANSITION,Done,START,864000,28184398,,,
739,test_fac,Well_13,,3,27401699,STATE_TRANSITION,Done,STOP,0,27401699,,,
740,test_fac,Well_13,,3,27401699,STATE_TRANSITION,Done,START,864000,28265699,,,
741,test_fac,Well_2,,3,27431099,STATE_TRANSITION,Done,STOP,0,27431099,,,
742,test_fac,Well_2,,3,27431099,STATE_TRANSITION,Done,START,864000,28295099,,,
743,test_fac,Well_11,,3,27491937,STATE_TRANSITION,Done,STOP,0,27491937,,,
744,test_fac,Well_11,,3,27491937,STATE_TRANSITION,Done,START,864000,28355937,,,
745,test_fac,Well_3,,3,27644219,STATE_TRANSITION,Done,STOP,0,27644219,,,
746,test_fac,Well_3,,3,27644219,STATE_TRANSITION,Done,START,864000,28508219,,,
747,test_fac,Well_9,,3,27713699,STATE_TRANSITION,Done,STOP,0,27713699,,,
748,test_fac,Well_9,,3,27713699,STATE_TRANSITION,Done,START,864000,28577699,,,
749,test_fac,Well_7,,3,27753300,STATE_TRANSITION,Done,STOP,0,27753300,,,
750,test_fac,Well_7,,3,27753300,STATE_TRANSITION,Done,START,864000,28617300,,,
751,test_fac,Well_5,,3,27838620,STATE_TRANSITION,Done,STOP,0,27838620,,,
752,test_fac,Well_5,,3,27838620,STATE_TRANSITION,Done,START,864000,28702620,,,
753,test_fac,Well_10,,3,27925019,STATE_TRANSITION,Done,STOP,0,27925019,,,
754,test_fac,Well_10,,3,27925019,STATE_TRANSITION,Done,START,864000,28789019,,,
755,test_fac,Well_14,,3,27947696,STATE_TRANSITION,Done,STOP,0,27947696,,,
756,test_fac,Well_14,,3,27947696,STATE_TRANSITION,Done,START,864000,28811696,,,
757,test_fac,Well_4,,3,28017000,STATE_TRANSITION,Done,STOP,0,28017000,,,
758,test_fac,Well_4,,3,28017000,STATE_TRANSITION,Done,START,864000,28881000,,,
759,test_fac,Well_6,,3,28047598,STATE_TRANSITION,Done,STOP,0,28047598,,,
760,test_fac,Well_6,,3,28047598,STATE_TRANSITION,Done,START,864000,28911598,,,
761,test_fac,Well_1,,3,28149281,STATE_TRANSITION,Done,STOP,0,28149281,,,
762,test_fac,Well_1,,3,28149281,STATE_TRANSITION,Done,START,864000,29013281,,,
763,test_fac,Well_8,,3,28168199,STATE_TRANSITION,Done,STOP,0,28168199,,,
764,test_fac,Well_8,,3,28168199,STATE_TRANSITION,Done,START,864000,29032199,,,
765,test_fac,Well_12,,3,28184398,STATE_TRANSITION,Done,STOP,0,28184398,,,
766,test_fac,Well_12,,3,28184398,STATE_TRANSITION,Done,START,864000,29048398,,,
767,test_fac,Well_13,,3,28265699,STATE_TRANSITION,Done,STOP,0,28265699,,,
768,test_fac,Well_13,,3,28265699,STATE_TRANSITION,Done,START,864000,29129699,,,
769,test_fac,Well_2,,3,28295099,STATE_TRANSITION,Done,STOP,0,28295099,,,
770,test_fac,Well_2,,3,28295099,STATE_TRANSITION,Done,START,864000,29159099,,,
771,test_fac,Well_11,,3,28355937,STATE_TRANSITION,Done,STOP,0,28355937,,,
772,test_fac,Well_11,,3,28355937,STATE_TRANSITION,Done,START,864000,29219937,,,
773,test_fac,Well_3,,3,28508219,STATE_TRANSITION,Done,STOP,0,28508219,,,
774,test_fac,Well_3,,3,28508219,STATE_TRANSITION,Done,START,864000,29372219,,,
775,test_fac,Well_9,,3,28577699,STATE_TRANSITION,Done,STOP,0,28577699,,,
776,test_fac,Well_9,,3,28577699,STATE_TRANSITION,Done,START,864000,29441699,,,
777,test_fac,Well_7,,3,28617300,STATE_TRANSITION,Done,STOP,0,28617300,,,
778,test_fac,Well_7,,3,28617300,STATE_TRANSITION,Done,START,864000,29481300,,,
779,test_fac,Well_5,,3,28702620,STATE_TRANSITION,Done,STOP,0,28702620,,,
780,test_fac,Well_5,,3,28702620,STATE_TRANSITION,Done,START,864000,29566620,,,
781,test_fac,Well_10,,3,28789019,STATE_TRANSITION,Done,STOP,0,28789019,,,
782,test_fac,Well_10,,3,28789019,STATE_TRANSITION,Done,START,864000,29653019,,,
783,test_fac,Well_14,,3,28811696,STATE_TRANSITION,Done,STOP,0,28811696,,,
784,test_fac,Well_14,,3,28811696,STATE_TRANSITION,Done,START,864000,29675696,,,
785,test_fac,Well_4,,3,28881000,STATE_TRANSITION,Done,STOP,0,28881000,,,
786,test_fac,Well_4,,3,28881000,STATE_TRANSITION,Done,START,864000,29745000,,,
787,test_fac,Well_6,,3,28911598,STATE_TRANSITION,Done,STOP,0,28911598,,,
788,test_fac,Well_6,,3,28911598,STATE_TRANSITION,Done,START,864000,29775598,,,
789,test_fac,Well_1,,3,29013281,STATE_TRANSITION,Done,STOP,0,29013281,,,
790,test_fac,Well_1,,3,29013281,STATE_TRANSITION,Done,START,864000,29877281,,,
791,test_fac,Well_8,,3,29032199,STATE_TRANSITION,Done,STOP,0,29032199,,,
792,test_fac,Well_8,,3,29032199,STATE_TRANSITION,Done,START,864000,29896199,,,
793,test_fac,Well_12,,3,29048398,STATE_TRANSITION,Done,STOP,0,29048398,,,
794,test_fac,Well_12,,3,29048398,STATE_TRANSITION,Done,START,864000,29912398,,,
795,test_fac,Well_13,,3,29129699,STATE_TRANSITION,Done,STOP,0,29129699,,,
796,test_fac,Well_13,,3,29129699,STATE_TRANSITION,Done,START,864000,29993699,,,
797,test_fac,Well_2,,3,29159099,STATE_TRANSITION,Done,STOP,0,29159099,,,
798,test_fac,Well_2,,3,29159099,STATE_TRANSITION,Done,START,864000,30023099,,,
799,test_fac,Well_11,,3,29219937,STATE_TRANSITION,Done,STOP,0,29219937,,,
800,test_fac,Well_11,,3,29219937,STATE_TRANSITION,Done,START,864000,30083937,,,
801,test_fac,Well_3,,3,29372219,STATE_TRANSITION,Done,STOP,0,29372219,,,
802,test_fac,Well_3,,3,29372219,STATE_TRANSITION,Done,START,864000,30236219,,,
803,test_fac,Well_9,,3,29441699,STATE_TRANSITION,Done,STOP,0,29441699,,,
804,test_fac,Well_9,,3,29441699,STATE_TRANSITION,Done,START,864000,30305699,,,
805,test_fac,Well_7,,3,29481300,STATE_TRANSITION,Done,STOP,0,29481300,,,
806,test_fac,Well_7,,3,29481300,STATE_TRANSITION,Done,START,864000,30345300,,,
807,test_fac,Well_5,,3,29566620,STATE_TRANSITION,Done,STOP,0,29566620,,,
808,test_fac,Well_5,,3,29566620,STATE_TRANSITION,Done,START,864000,30430620,,,
809,test_fac,Well_10,,3,29653019,STATE_TRANSITION,Done,STOP,0,29653019,,,
810,test_fac,Well_10,,3,29653019,STATE_TRANSITION,Done,START,864000,30517019,,,
811,test_fac,Well_14,,3,29675696,STATE_TRANSITION,Done,STOP,0,29675696,,,
812,test_fac,Well_14,,3,29675696,STATE_TRANSITION,Done,START,864000,30539696,,,
813,test_fac,Well_4,,3,29745000,STATE_TRANSITION,Done,STOP,0,29745000,,,
814,test_fac,Well_4,,3,29745000,STATE_TRANSITION,Done,START,864000,30609000,,,
815,test_fac,Well_6,,3,29775598,STATE_TRANSITION,Done,STOP,0,29775598,,,
816,test_fac,Well_6,,3,29775598,STATE_TRANSITION,Done,START,864000,30639598,,,
817,test_fac,Well_1,,3,29877281,STATE_TRANSITION,Done,STOP,0,29877281,,,
818,test_fac,Well_1,,3,29877281,STATE_TRANSITION,Done,START,864000,30741281,,,
819,test_fac,Well_8,,3,29896199,STATE_TRANSITION,Done,STOP,0,29896199,,,
820,test_fac,Well_8,,3,29896199,STATE_TRANSITION,Done,START,864000,30760199,,,
821,test_fac,Well_12,,3,29912398,STATE_TRANSITION,Done,STOP,0,29912398,,,
822,test_fac,Well_12,,3,29912398,STATE_TRANSITION,Done,START,864000,30776398,,,
823,test_fac,Well_13,,3,29993699,STATE_TRANSITION,Done,STOP,0,29993699,,,
824,test_fac,Well_13,,3,29993699,STATE_TRANSITION,Done,START,864000,30857699,,,
825,test_fac,Well_2,,3,30023099,STATE_TRANSITION,Done,STOP,0,30023099,,,
826,test_fac,Well_2,,3,30023099,STATE_TRANSITION,Done,START,864000,30887099,,,
827,test_fac,Well_11,,3,30083937,STATE_TRANSITION,Done,STOP,0,30083937,,,
828,test_fac,Well_11,,3,30083937,STATE_TRANSITION,Done,START,864000,30947937,,,
829,test_fac,Well_3,,3,30236219,STATE_TRANSITION,Done,STOP,0,30236219,,,
830,test_fac,Well_3,,3,30236219,STATE_TRANSITION,Done,START,864000,31100219,,,
831,test_fac,Well_9,,3,30305699,STATE_TRANSITION,Done,STOP,0,30305699,,,
832,test_fac,Well_9,,3,30305699,STATE_TRANSITION,Done,START,864000,31169699,,,
833,test_fac,Well_7,,3,30345300,STATE_TRANSITION,Done,STOP,0,30345300,,,
834,test_fac,Well_7,,3,30345300,STATE_TRANSITION,Done,START,864000,31209300,,,
835,test_fac,Well_5,,3,30430620,STATE_TRANSITION,Done,STOP,0,30430620,,,
836,test_fac,Well_5,,3,30430620,STATE_TRANSITION,Done,START,864000,31294620,,,
837,test_fac,Well_10,,3,30517019,STATE_TRANSITION,Done,STOP,0,30517019,,,
838,test_fac,Well_10,,3,30517019,STATE_TRANSITION,Done,START,864000,31381019,,,
839,test_fac,Well_14,,3,30539696,STATE_TRANSITION,Done,STOP,0,30539696,,,
840,test_fac,Well_14,,3,30539696,STATE_TRANSITION,Done,START,864000,31403696,,,
841,test_fac,Well_4,,3,30609000,STATE_TRANSITION,Done,STOP,0,30609000,,,
842,test_fac,Well_4,,3,30609000,STATE_TRANSITION,Done,START,864000,31473000,,,
843,test_fac,Well_6,,3,30639598,STATE_TRANSITION,Done,STOP,0,30639598,,,
844,test_fac,Well_6,,3,30639598,STATE_TRANSITION,Done,START,864000,31503598,,,
845,test_fac,Well_1,,3,30741281,STATE_TRANSITION,Done,STOP,0,30741281,,,
846,test_fac,Well_1,,3,30741281,STATE_TRANSITION,Done,START,864000,31605281,,,
847,test_fac,Well_8,,3,30760199,STATE_TRANSITION,Done,STOP,0,30760199,,,
848,test_fac,Well_8,,3,30760199,STATE_TRANSITION,Done,START,864000,31624199,,,
849,test_fac,Well_12,,3,30776398,STATE_TRANSITION,Done,STOP,0,30776398,,,
850,test_fac,Well_12,,3,30776398,STATE_TRANSITION,Done,START,864000,31640398,,,
851,test_fac,Well_13,,3,30857699,STATE_TRANSITION,Done,STOP,0,30857699,,,
852,test_fac,Well_13,,3,30857699,STATE_TRANSITION,Done,START,864000,31721699,,,
853,test_fac,Well_2,,3,30887099,STATE_TRANSITION,Done,STOP,0,30887099,,,
854,test_fac,Well_2,,3,30887099,STATE_TRANSITION,Done,START,864000,31751099,,,
855,test_fac,Well_11,,3,30947937,STATE_TRANSITION,Done,STOP,0,30947937,,,
856,test_fac,Well_11,,3,30947937,STATE_TRANSITION,Done,START,864000,31811937,,,
857,test_fac,Well_3,,3,31100219,STATE_TRANSITION,Done,STOP,0,31100219,,,
858,test_fac,Well_3,,3,31100219,STATE_TRANSITION,Done,START,864000,31964219,,,
859,test_fac,Well_9,,3,31169699,STATE_TRANSITION,Done,STOP,0,31169699,,,
860,test_fac,Well_9,,3,31169699,STATE_TRANSITION,Done,START,864000,32033699,,,
861,test_fac,Well_7,,3,31209300,STATE_TRANSITION,Done,STOP,0,31209300,,,
862,test_fac,Well_7,,3,31209300,STATE_TRANSITION,Done,START,864000,32073300,,,
863,test_fac,Well_5,,3,31294620,STATE_TRANSITION,Done,STOP,0,31294620,,,
864,test_fac,Well_5,,3,31294620,STATE_TRANSITION,Done,START,864000,32158620,,,
865,test_fac,Well_10,,3,31381019,STATE_TRANSITION,Done,STOP,0,31381019,,,
866,test_fac,Well_10,,3,31381019,STATE_TRANSITION,Done,START,864000,32245019,,,
867,test_fac,Well_14,,3,31403696,STATE_TRANSITION,Done,STOP,0,31403696,,,
868,test_fac,Well_14,,3,31403696,STATE_TRANSITION,Done,START,864000,32267696,,,
869,test_fac,Well_4,,3,31473000,STATE_TRANSITION,Done,STOP,0,31473000,,,
870,test_fac,Well_4,,3,31473000,STATE_TRANSITION,Done,START,864000,32337000,,,
871,test_fac,Well_6,,3,31503598,STATE_TRANSITION,Done,STOP,0,31503598,,,
872,test_fac,Well_6,,3,31503598,STATE_TRANSITION,Done,START,864000,32367598,,,
873,test_fac,Well_1,,3,31605281,STATE_TRANSITION,Done,STOP,0,31605281,,,
874,test_fac,Well_1,,3,31605281,STATE_TRANSITION,Done,START,864000,32469281,,,
875,test_fac,Well_8,,3,31624199,STATE_TRANSITION,Done,STOP,0,31624199,,,
876,test_fac,Well_8,,3,31624199,STATE_TRANSITION,Done,START,864000,32488199,,,
877,test_fac,Well_12,,3,31640398,STATE_TRANSITION,Done,STOP,0,31640398,,,
878,test_fac,Well_12,,3,31640398,STATE_TRANSITION,Done,START,864000,32504398,,,
879,test_fac,Well_13,,3,31721699,STATE_TRANSITION,Done,STOP,0,31721699,,,
880,test_fac,Well_13,,3,31721699,STATE_TRANSITION,Done,START,864000,32585699,,,
881,test_fac,Well_2,,3,31751099,STATE_TRANSITION,Done,STOP,0,31751099,,,
882,test_fac,Well_2,,3,31751099,STATE_TRANSITION,Done,START,864000,32615099,,,
883,test_fac,Well_11,,3,31811937,STATE_TRANSITION,Done,STOP,0,31811937,,,
884,test_fac,Well_11,,3,31811937,STATE_TRANSITION,Done,START,864000,32675937,,,
885,test_fac,Well_3,,3,31964219,STATE_TRANSITION,Done,STOP,0,31964219,,,
886,test_fac,Well_3,,3,31964219,STATE_TRANSITION,Done,START,864000,32828219,,,
887,test_fac,Well_9,,3,32033699,STATE_TRANSITION,Done,STOP,0,32033699,,,
888,test_fac,Well_9,,3,32033699,STATE_TRANSITION,Done,START,864000,32897699,,,
889,test_fac,Well_7,,3,32073300,STATE_TRANSITION,Done,STOP,0,32073300,,,
890,test_fac,Well_7,,3,32073300,STATE_TRANSITION,Done,START,864000,32937300,,,
891,test_fac,Well_5,,3,32158620,STATE_TRANSITION,Done,STOP,0,32158620,,,
892,test_fac,Well_5,,3,32158620,STATE_TRANSITION,Done,START,864000,33022620,,,
893,test_fac,Well_10,,3,32245019,STATE_TRANSITION,Done,STOP,0,32245019,,,
894,test_fac,Well_10,,3,32245019,STATE_TRANSITION,Done,START,864000,33109019,,,
895,test_fac,Well_14,,3,32267696,STATE_TRANSITION,Done,STOP,0,32267696,,,
896,test_fac,Well_14,,3,32267696,STATE_TRANSITION,Done,START,864000,33131696,,,
897,test_fac,Well_4,,3,32337000,STATE_TRANSITION,Done,STOP,0,32337000,,,
898,test_fac,Well_4,,3,32337000,STATE_TRANSITION,Done,START,864000,33201000,,,
899,test_fac,Well_6,,3,32367598,STATE_TRANSITION,Done,STOP,0,32367598,,,
900,test_fac,Well_6,,3,32367598,STATE_TRANSITION,Done,START,864000,33231598,,,
901,test_fac,Well_1,,3,32469281,STATE_TRANSITION,Done,STOP,0,32469281,,,
902,test_fac,Well_1,,3,32469281,STATE_TRANSITION,Done,START,864000,33333281,,,
903,test_fac,Well_8,,3,32488199,STATE_TRANSITION,Done,STOP,0,32488199,,,
904,test_fac,Well_8,,3,32488199,STATE_TRANSITION,Done,START,864000,33352199,,,
905,test_fac,Well_12,,3,32504398,STATE_TRANSITION,Done,STOP,0,32504398,,,
906,test_fac,Well_12,,3,32504398,STATE_TRANSITION,Done,START,864000,33368398,,,
907,test_fac,Well_13,,3,32585699,STATE_TRANSITION,Done,STOP,0,32585699,,,
908,test_fac,Well_13,,3,32585699,STATE_TRANSITION,Done,START,864000,33449699,,,
909,test_fac,Well_2,,3,32615099,STATE_TRANSITION,Done,STOP,0,32615099,,,
910,test_fac,Well_2,,3,32615099,STATE_TRANSITION,Done,START,864000,33479099,,,
911,test_fac,Well_11,,3,32675937,STATE_TRANSITION,Done,STOP,0,32675937,,,
912,test_fac,Well_11,,3,32675937,STATE_TRANSITION,Done,START,864000,33539937,,,
913,test_fac,Well_3,,3,32828219,STATE_TRANSITION,Done,STOP,0,32828219,,,
914,test_fac,Well_3,,3,32828219,STATE_TRANSITION,Done,START,864000,33692219,,,
915,test_fac,Well_9,,3,32897699,STATE_TRANSITION,Done,STOP,0,32897699,,,
916,test_fac,Well_9,,3,32897699,STATE_TRANSITION,Done,START,864000,33761699,,,
917,test_fac,Well_7,,3,32937300,STATE_TRANSITION,Done,STOP,0,32937300,,,
918,test_fac,Well_7,,3,32937300,STATE_TRANSITION,Done,START,864000,33801300,,,
919,test_fac,Well_5,,3,33022620,STATE_TRANSITION,Done,STOP,0,33022620,,,
920,test_fac,Well_5,,3,33022620,STATE_TRANSITION,Done,START,864000,33886620,,,
921,test_fac,Well_10,,3,33109019,STATE_TRANSITION,Done,STOP,0,33109019,,,
922,test_fac,Well_10,,3,33109019,STATE_TRANSITION,Done,START,864000,33973019,,,
923,test_fac,Well_14,,3,33131696,STATE_TRANSITION,Done,STOP,0,33131696,,,
924,test_fac,Well_14,,3,33131696,STATE_TRANSITION,Done,START,864000,33995696,,,
925,test_fac,Well_4,,3,33201000,STATE_TRANSITION,Done,STOP,0,33201000,,,
926,test_fac,Well_4,,3,33201000,STATE_TRANSITION,Done,START,864000,34065000,,,
927,test_fac,Well_6,,3,33231598,STATE_TRANSITION,Done,STOP,0,33231598,,,
928,test_fac,Well_6,,3,33231598,STATE_TRANSITION,Done,START,864000,34095598,,,
929,test_fac,Well_1,,3,33333281,STATE_TRANSITION,Done,STOP,0,33333281,,,
930,test_fac,Well_1,,3,33333281,STATE_TRANSITION,Done,START,864000,34197281,,,
931,test_fac,Well_8,,3,33352199,STATE_TRANSITION,Done,STOP,0,33352199,,,
932,test_fac,Well_8,,3,33352199,STATE_TRANSITION,Done,START,864000,34216199,,,
933,test_fac,Well_12,,3,33368398,STATE_TRANSITION,Done,STOP,0,33368398,,,
934,test_fac,Well_12,,3,33368398,STATE_TRANSITION,Done,START,864000,34232398,,,
935,test_fac,Well_13,,3,33449699,STATE_TRANSITION,Done,STOP,0,33449699,,,
936,test_fac,Well_13,,3,33449699,STATE_TRANSITION,Done,START,864000,34313699,,,
937,test_fac,Well_2,,3,33479099,STATE_TRANSITION,Done,STOP,0,33479099,,,
938,test_fac,Well_2,,3,33479099,STATE_TRANSITION,Done,START,864000,34343099,,,
939,test_fac,Well_11,,3,33539937,STATE_TRANSITION,Done,STOP,0,33539937,,,
940,test_fac,Well_11,,3,33539937,STATE_TRANSITION,Done,START,864000,34403937,,,
941,test_fac,Well_3,,3,33692219,STATE_TRANSITION,Done,STOP,0,33692219,,,
942,test_fac,Well_3,,3,33692219,STATE_TRANSITION,Done,START,864000,34556219,,,
943,test_fac,Well_9,,3,33761699,STATE_TRANSITION,Done,STOP,0,33761699,,,
944,test_fac,Well_9,,3,33761699,STATE_TRANSITION,Done,START,864000,34625699,,,
945,test_fac,Well_7,,3,33801300,STATE_TRANSITION,Done,STOP,0,33801300,,,
946,test_fac,Well_7,,3,33801300,STATE_TRANSITION,Done,START,864000,34665300,,,
947,test_fac,Well_5,,3,33886620,STATE_TRANSITION,Done,STOP,0,33886620,,,
948,test_fac,Well_5,,3,33886620,STATE_TRANSITION,Done,START,864000,34750620,,,
949,test_fac,Well_10,,3,33973019,STATE_TRANSITION,Done,STOP,0,33973019,,,
950,test_fac,Well_10,,3,33973019,STATE_TRANSITION,Done,START,864000,34837019,,,
951,test_fac,Well_14,,3,33995696,STATE_TRANSITION,Done,STOP,0,33995696,,,
952,test_fac,Well_14,,3,33995696,STATE_TRANSITION,Done,START,864000,34859696,,,
953,test_fac,Well_4,,3,34065000,STATE_TRANSITION,Done,STOP,0,34065000,,,
954,test_fac,Well_4,,3,34065000,STATE_TRANSITION,Done,START,864000,34929000,,,
955,test_fac,Well_6,,3,34095598,STATE_TRANSITION,Done,STOP,0,34095598,,,
956,test_fac,Well_6,,3,34095598,STATE_TRANSITION,Done,START,864000,34959598,,,
957,test_fac,Well_1,,3,34197281,STATE_TRANSITION,Done,STOP,0,34197281,,,
958,test_fac,Well_1,,3,34197281,STATE_TRANSITION,Done,START,864000,35061281,,,
959,test_fac,Well_8,,3,34216199,STATE_TRANSITION,Done,STOP,0,34216199,,,
960,test_fac,Well_8,,3,34216199,STATE_TRANSITION,Done,START,864000,35080199,,,
961,test_fac,Well_12,,3,34232398,STATE_TRANSITION,Done,STOP,0,34232398,,,
962,test_fac,Well_12,,3,34232398,STATE_TRANSITION,Done,START,864000,35096398,,,
963,test_fac,Well_13,,3,34313699,STATE_TRANSITION,Done,STOP,0,34313699,,,
964,test_fac,Well_13,,3,34313699,STATE_TRANSITION,Done,START,864000,35177699,,,
965,test_fac,Well_2,,3,34343099,STATE_TRANSITION,Done,STOP,0,34343099,,,
966,test_fac,Well_2,,3,34343099,STATE_TRANSITION,Done,START,864000,35207099,,,
967,test_fac,Well_11,,3,34403937,STATE_TRANSITION,Done,STOP,0,34403937,,,
968,test_fac,Well_11,,3,34403937,STATE_TRANSITION,Done,START,864000,35267937,,,
969,test_fac,Well_3,,3,34556219,STATE_TRANSITION,Done,STOP,0,34556219,,,
970,test_fac,Well_3,,3,34556219,STATE_TRANSITION,Done,START,864000,35420219,,,
971,,,,3,34560000,SIM-STOP,,,,,,,
